manual_time_ros_s,box_pair_time_s,box_marker_stamp_s,box_delivery_clock_s,timestamp_source,timestamp_difference_ms,lidar_box_namespace,lidar_box_id,lidar_target_x_m,lidar_target_y_m,lidar_target_z_m
1786962025.510,1786962025.502414465,0.000000000,1786962025.502414465,delivery_clock,7.586,,0,234.521104,-386.417074,0.000000
1786962025.510,1786962025.502414465,0.000000000,1786962025.502414465,delivery_clock,7.586,,0,193.715104,-324.878499,0.000000
1786962025.510,1786962025.502414465,0.000000000,1786962025.502414465,delivery_clock,7.586,,0,234.521104,-386.417074,0.000000
1786962025.510,1786962025.502414465,0.000000000,1786962025.502414465,delivery_clock,7.586,,0,193.715104,-324.878499,0.000000
1786962025.510,1786962025.577432394,0.000000000,1786962025.577432394,delivery_clock,67.432,,0,234.521104,-386.417074,0.000000
1786962025.510,1786962025.577432394,0.000000000,1786962025.577432394,delivery_clock,67.432,,0,234.521104,-386.417074,0.000000
1786962025.510,1786962025.577432394,0.000000000,1786962025.577432394,delivery_clock,67.432,,0,193.715104,-324.878499,0.000000
1786962025.510,1786962025.577432394,0.000000000,1786962025.577432394,delivery_clock,67.432,,0,193.715104,-324.878499,0.000000
1786962025.510,1786962025.577432394,0.000000000,1786962025.577432394,delivery_clock,67.432,,0,234.521104,-386.417074,0.000000
1786962025.510,1786962025.577432394,0.000000000,1786962025.577432394,delivery_clock,67.432,,0,193.715104,-324.878499,0.000000
1786962025.510,1786962025.577432394,0.000000000,1786962025.577432394,delivery_clock,67.432,,0,193.715104,-324.878499,0.000000
1786962025.510,1786962025.577432394,0.000000000,1786962025.577432394,delivery_clock,67.432,,0,234.521104,-386.417074,0.000000
1786962030.060,1786962030.053403139,0.000000000,1786962030.053403139,delivery_clock,6.597,,0,231.983302,-384.164651,0.000000
1786962030.060,1786962030.077364445,0.000000000,1786962030.077364445,delivery_clock,17.365,,0,231.983302,-384.164651,0.000000
1786962030.060,1786962030.077364445,0.000000000,1786962030.077364445,delivery_clock,17.365,,0,191.787021,-323.183206,0.000000
1786962030.060,1786962030.077364445,0.000000000,1786962030.077364445,delivery_clock,17.365,,0,191.787021,-323.183206,0.000000
1786962068.150,1786962068.076864243,0.000000000,1786962068.076864243,delivery_clock,73.136,,0,185.845225,-347.352620,0.000000
1786962068.150,1786962068.076864243,0.000000000,1786962068.076864243,delivery_clock,73.136,,0,185.845225,-347.352620,0.000000
1786962068.150,1786962068.076864243,0.000000000,1786962068.076864243,delivery_clock,73.136,,0,221.264506,-402.660847,0.000000
1786962068.150,1786962068.076864243,0.000000000,1786962068.076864243,delivery_clock,73.136,,0,221.264506,-402.660847,0.000000
1786962068.150,1786962068.101857424,0.000000000,1786962068.101857424,delivery_clock,48.143,,0,185.845225,-347.352620,0.000000
1786962068.150,1786962068.101857424,0.000000000,1786962068.101857424,delivery_clock,48.143,,0,221.264506,-402.660847,0.000000
1786962068.150,1786962068.101857424,0.000000000,1786962068.101857424,delivery_clock,48.143,,0,185.845225,-347.352620,0.000000
1786962068.150,1786962068.101857424,0.000000000,1786962068.101857424,delivery_clock,48.143,,0,221.264506,-402.660847,0.000000
1786962068.150,1786962068.154146671,0.000000000,1786962068.154146671,delivery_clock,4.147,,0,185.851023,-347.366505,0.000000
1786962068.150,1786962068.154146671,0.000000000,1786962068.154146671,delivery_clock,4.147,,0,185.851023,-347.366505,0.000000
1786962068.150,1786962068.154146671,0.000000000,1786962068.154146671,delivery_clock,4.147,,0,221.264506,-402.660847,0.000000
1786962068.150,1786962068.154146671,0.000000000,1786962068.154146671,delivery_clock,4.147,,0,221.264506,-402.660847,0.000000
1786962068.150,1786962068.154146671,0.000000000,1786962068.154146671,delivery_clock,4.147,,0,221.264506,-402.660847,0.000000
1786962068.150,1786962068.154146671,0.000000000,1786962068.154146671,delivery_clock,4.147,,0,185.851023,-347.366505,0.000000
1786962068.150,1786962068.154146671,0.000000000,1786962068.154146671,delivery_clock,4.147,,0,185.851023,-347.366505,0.000000
1786962068.150,1786962068.154146671,0.000000000,1786962068.154146671,delivery_clock,4.147,,0,221.264506,-402.660847,0.000000
1786962068.150,1786962068.201852322,0.000000000,1786962068.201852322,delivery_clock,51.852,,0,221.241269,-401.688609,0.000000
1786962068.150,1786962068.201852322,0.000000000,1786962068.201852322,delivery_clock,51.852,,0,185.827787,-346.394267,0.000000
1786962068.150,1786962068.201852322,0.000000000,1786962068.201852322,delivery_clock,51.852,,0,185.827787,-346.394267,0.000000
1786962068.150,1786962068.201852322,0.000000000,1786962068.201852322,delivery_clock,51.852,,0,221.241269,-401.688609,0.000000
1786962068.150,1786962068.228527069,0.000000000,1786962068.228527069,delivery_clock,78.527,,0,221.241269,-401.688609,0.000000
1786962068.150,1786962068.228527069,0.000000000,1786962068.228527069,delivery_clock,78.527,,0,185.847211,-346.414012,0.000000
1786962068.150,1786962068.228527069,0.000000000,1786962068.228527069,delivery_clock,78.527,,0,221.241269,-401.688609,0.000000
1786962068.150,1786962068.228527069,0.000000000,1786962068.228527069,delivery_clock,78.527,,0,185.847211,-346.414012,0.000000
1786962096.770,1786962096.701473951,0.000000000,1786962096.701473951,delivery_clock,68.526,,0,209.123398,-375.231009,0.000000
1786962096.770,1786962096.701473951,0.000000000,1786962096.701473951,delivery_clock,68.526,,0,239.088080,-425.402820,0.000000
1786962096.770,1786962096.701473951,0.000000000,1786962096.701473951,delivery_clock,68.526,,0,209.123398,-375.231009,0.000000
1786962096.770,1786962096.701473951,0.000000000,1786962096.701473951,delivery_clock,68.526,,0,239.088080,-425.402820,0.000000
1786962096.770,1786962096.701473951,0.000000000,1786962096.701473951,delivery_clock,68.526,,0,239.088080,-425.402820,0.000000
1786962096.770,1786962096.701473951,0.000000000,1786962096.701473951,delivery_clock,68.526,,0,239.088080,-425.402820,0.000000
1786962096.770,1786962096.701473951,0.000000000,1786962096.701473951,delivery_clock,68.526,,0,209.123398,-375.231009,0.000000
1786962096.770,1786962096.701473951,0.000000000,1786962096.701473951,delivery_clock,68.526,,0,209.123398,-375.231009,0.000000
1786962096.770,1786962096.701473951,0.000000000,1786962096.701473951,delivery_clock,68.526,,0,209.123398,-375.231009,0.000000
1786962096.770,1786962096.701473951,0.000000000,1786962096.701473951,delivery_clock,68.526,,0,209.123398,-375.231009,0.000000
1786962096.770,1786962096.701473951,0.000000000,1786962096.701473951,delivery_clock,68.526,,0,239.088080,-425.402820,0.000000
1786962096.770,1786962096.701473951,0.000000000,1786962096.701473951,delivery_clock,68.526,,0,239.088080,-425.402820,0.000000
1786962096.770,1786962096.726480722,0.000000000,1786962096.726480722,delivery_clock,43.519,,0,239.088080,-425.402820,0.000000
1786962096.770,1786962096.726480722,0.000000000,1786962096.726480722,delivery_clock,43.519,,0,209.154465,-375.250418,0.000000
1786962096.770,1786962096.726480722,0.000000000,1786962096.726480722,delivery_clock,43.519,,0,239.088080,-425.402820,0.000000
1786962096.770,1786962096.726480722,0.000000000,1786962096.726480722,delivery_clock,43.519,,0,209.154465,-375.250418,0.000000
1786962096.770,1786962096.801474333,0.000000000,1786962096.801474333,delivery_clock,31.474,,0,238.862889,-425.527411,0.000000
1786962096.770,1786962096.801474333,0.000000000,1786962096.801474333,delivery_clock,31.474,,0,208.929272,-375.375007,0.000000
1786962096.770,1786962096.801474333,0.000000000,1786962096.801474333,delivery_clock,31.474,,0,208.929272,-375.375007,0.000000
1786962096.770,1786962096.801474333,0.000000000,1786962096.801474333,delivery_clock,31.474,,0,238.862889,-425.527411,0.000000
1786962096.770,1786962096.827848434,0.000000000,1786962096.827848434,delivery_clock,57.848,,0,208.939977,-375.391883,0.000000
1786962096.770,1786962096.827848434,0.000000000,1786962096.827848434,delivery_clock,57.848,,0,238.862889,-425.527411,0.000000
1786962096.770,1786962096.827848434,0.000000000,1786962096.827848434,delivery_clock,57.848,,0,208.939977,-375.391883,0.000000
1786962096.770,1786962096.827848434,0.000000000,1786962096.827848434,delivery_clock,57.848,,0,238.862889,-425.527411,0.000000
1786962117.970,1786962117.901195049,0.000000000,1786962117.901195049,delivery_clock,68.805,,0,247.564218,-412.612345,0.000000
1786962117.970,1786962117.901195049,0.000000000,1786962117.901195049,delivery_clock,68.805,,0,247.564218,-412.612345,0.000000
1786962117.970,1786962117.901195049,0.000000000,1786962117.901195049,delivery_clock,68.805,,0,221.108346,-365.783305,0.000000
1786962117.970,1786962117.901195049,0.000000000,1786962117.901195049,delivery_clock,68.805,,0,221.108346,-365.783305,0.000000
1786962117.970,1786962117.927182913,0.000000000,1786962117.927182913,delivery_clock,42.817,,0,247.564218,-412.612345,0.000000
1786962117.970,1786962117.927182913,0.000000000,1786962117.927182913,delivery_clock,42.817,,0,247.564218,-412.612345,0.000000
1786962117.970,1786962117.927182913,0.000000000,1786962117.927182913,delivery_clock,42.817,,0,221.117697,-365.793277,0.000000
1786962117.970,1786962117.927182913,0.000000000,1786962117.927182913,delivery_clock,42.817,,0,221.117697,-365.793277,0.000000
1786962117.970,1786962117.951204062,0.000000000,1786962117.951204062,delivery_clock,18.796,,0,247.564218,-412.612345,0.000000
1786962117.970,1786962117.977077723,0.000000000,1786962117.977077723,delivery_clock,7.078,,0,247.564218,-412.612345,0.000000
1786962117.970,1786962117.977077723,0.000000000,1786962117.977077723,delivery_clock,7.078,,0,221.117697,-365.793277,0.000000
1786962117.970,1786962117.977077723,0.000000000,1786962117.977077723,delivery_clock,7.078,,0,221.117697,-365.793277,0.000000
1786962117.970,1786962118.001195669,0.000000000,1786962118.001195669,delivery_clock,31.196,,0,221.117697,-365.793277,0.000000
1786962117.970,1786962118.001195669,0.000000000,1786962118.001195669,delivery_clock,31.196,,0,247.564218,-412.612345,0.000000
1786962117.970,1786962118.001195669,0.000000000,1786962118.001195669,delivery_clock,31.196,,0,221.117697,-365.793277,0.000000
1786962117.970,1786962118.001195669,0.000000000,1786962118.001195669,delivery_clock,31.196,,0,247.564218,-412.612345,0.000000
1786962117.970,1786962118.027255774,0.000000000,1786962118.027255774,delivery_clock,57.256,,0,221.117697,-365.793277,0.000000
1786962117.970,1786962118.027255774,0.000000000,1786962118.027255774,delivery_clock,57.256,,0,247.564218,-412.612345,0.000000
1786962117.970,1786962118.027255774,0.000000000,1786962118.027255774,delivery_clock,57.256,,0,247.564218,-412.612345,0.000000
1786962117.970,1786962118.027255774,0.000000000,1786962118.027255774,delivery_clock,57.256,,0,221.117697,-365.793277,0.000000
1786962144.850,1786962144.800833941,0.000000000,1786962144.800833941,delivery_clock,49.166,,0,231.368372,-385.044376,0.000000
1786962144.850,1786962144.800833941,0.000000000,1786962144.800833941,delivery_clock,49.166,,0,210.098032,-342.281864,0.000000
1786962144.850,1786962144.800833941,0.000000000,1786962144.800833941,delivery_clock,49.166,,0,231.368372,-385.044376,0.000000
1786962144.850,1786962144.826732874,0.000000000,1786962144.826732874,delivery_clock,23.267,,0,210.098032,-342.281864,0.000000
1786962147.610,1786962147.550782681,0.000000000,1786962147.550782681,delivery_clock,59.217,,0,229.505863,-382.041993,0.000000
1786962147.610,1786962147.550782681,0.000000000,1786962147.550782681,delivery_clock,59.217,,0,208.703739,-339.683229,0.000000
1786962147.610,1786962147.550782681,0.000000000,1786962147.550782681,delivery_clock,59.217,,0,229.505863,-382.041993,0.000000
1786962147.610,1786962147.550782681,0.000000000,1786962147.550782681,delivery_clock,59.217,,0,208.703739,-339.683229,0.000000
1786962147.610,1786962147.628402472,0.000000000,1786962147.628402472,delivery_clock,18.403,,0,208.581822,-339.600619,0.000000
1786962147.610,1786962147.628402472,0.000000000,1786962147.628402472,delivery_clock,18.403,,0,229.366784,-381.938845,0.000000
1786962147.610,1786962147.628402472,0.000000000,1786962147.628402472,delivery_clock,18.403,,0,229.366784,-381.938845,0.000000
1786962147.610,1786962147.628402472,0.000000000,1786962147.628402472,delivery_clock,18.403,,0,208.581822,-339.600619,0.000000
1786962147.610,1786962147.650803804,0.000000000,1786962147.650803804,delivery_clock,40.804,,0,208.581822,-339.600619,0.000000
1786962147.610,1786962147.650803804,0.000000000,1786962147.650803804,delivery_clock,40.804,,0,208.581822,-339.600619,0.000000
1786962147.610,1786962147.650803804,0.000000000,1786962147.650803804,delivery_clock,40.804,,0,229.366784,-381.938845,0.000000
1786962147.610,1786962147.650803804,0.000000000,1786962147.650803804,delivery_clock,40.804,,0,229.366784,-381.938845,0.000000
1786962147.610,1786962147.650803804,0.000000000,1786962147.650803804,delivery_clock,40.804,,0,229.366784,-381.938845,0.000000
1786962147.610,1786962147.650803804,0.000000000,1786962147.650803804,delivery_clock,40.804,,0,208.581822,-339.600619,0.000000
1786962147.610,1786962147.650803804,0.000000000,1786962147.650803804,delivery_clock,40.804,,0,229.366784,-381.938845,0.000000
1786962147.610,1786962147.675819874,0.000000000,1786962147.675819874,delivery_clock,65.820,,0,208.581822,-339.600619,0.000000
1786962150.400,1786962150.426373959,0.000000000,1786962150.426373959,delivery_clock,26.374,,0,227.690413,-379.446754,0.000000
1786962150.400,1786962150.426373959,0.000000000,1786962150.426373959,delivery_clock,26.374,,0,207.294600,-337.449012,0.000000
1786962150.400,1786962150.426373959,0.000000000,1786962150.426373959,delivery_clock,26.374,,0,207.294600,-337.449012,0.000000
1786962150.400,1786962150.426373959,0.000000000,1786962150.426373959,delivery_clock,26.374,,0,227.690413,-379.446754,0.000000
1786962150.400,1786962150.450767279,0.000000000,1786962150.450767279,delivery_clock,50.767,,0,227.690413,-379.446754,0.000000
1786962150.400,1786962150.450767279,0.000000000,1786962150.450767279,delivery_clock,50.767,,0,207.294600,-337.449012,0.000000
1786962150.400,1786962150.450767279,0.000000000,1786962150.450767279,delivery_clock,50.767,,0,207.294600,-337.449012,0.000000
1786962150.400,1786962150.450767279,0.000000000,1786962150.450767279,delivery_clock,50.767,,0,227.690413,-379.446754,0.000000
1786962150.400,1786962150.475740433,0.000000000,1786962150.475740433,delivery_clock,75.740,,0,227.690413,-379.446754,0.000000
1786962150.400,1786962150.475740433,0.000000000,1786962150.475740433,delivery_clock,75.740,,0,207.294600,-337.449012,0.000000
1786962150.400,1786962150.475740433,0.000000000,1786962150.475740433,delivery_clock,75.740,,0,227.690413,-379.446754,0.000000
1786962150.400,1786962150.475740433,0.000000000,1786962150.475740433,delivery_clock,75.740,,0,207.294600,-337.449012,0.000000
1786962202.210,1786962202.150035143,0.000000000,1786962202.150035143,delivery_clock,59.965,,0,220.196591,-347.608339,0.000000
1786962202.210,1786962202.150035143,0.000000000,1786962202.150035143,delivery_clock,59.965,,2,197.821749,-341.030919,0.000000
1786962202.210,1786962202.150035143,0.000000000,1786962202.150035143,delivery_clock,59.965,,0,220.196591,-347.608339,0.000000
1786962202.210,1786962202.150035143,0.000000000,1786962202.150035143,delivery_clock,59.965,,2,197.821749,-341.030919,0.000000
1786962202.210,1786962202.150035143,0.000000000,1786962202.150035143,delivery_clock,59.965,,0,234.121853,-377.301576,0.000000
1786962202.210,1786962202.150035143,0.000000000,1786962202.150035143,delivery_clock,59.965,,2,211.727839,-370.707212,0.000000
1786962202.210,1786962202.150035143,0.000000000,1786962202.150035143,delivery_clock,59.965,,0,234.121853,-377.301576,0.000000
1786962202.210,1786962202.150035143,0.000000000,1786962202.150035143,delivery_clock,59.965,,2,211.727839,-370.707212,0.000000
1786962202.210,1786962202.150035143,0.000000000,1786962202.150035143,delivery_clock,59.965,,0,220.196591,-347.608339,0.000000
1786962202.210,1786962202.150035143,0.000000000,1786962202.150035143,delivery_clock,59.965,,2,197.821749,-341.030919,0.000000
1786962202.210,1786962202.175166607,0.000000000,1786962202.175166607,delivery_clock,34.833,,0,234.121853,-377.301576,0.000000
1786962202.210,1786962202.175166607,0.000000000,1786962202.175166607,delivery_clock,34.833,,2,211.727839,-370.707212,0.000000
1786962202.210,1786962202.175166607,0.000000000,1786962202.175166607,delivery_clock,34.833,,0,234.121853,-377.301576,0.000000
1786962202.210,1786962202.175166607,0.000000000,1786962202.175166607,delivery_clock,34.833,,2,211.727839,-370.707212,0.000000
1786962202.210,1786962202.175166607,0.000000000,1786962202.175166607,delivery_clock,34.833,,0,220.196591,-347.608339,0.000000
1786962202.210,1786962202.175166607,0.000000000,1786962202.175166607,delivery_clock,34.833,,2,197.821749,-341.030919,0.000000
1786962202.210,1786962202.175166607,0.000000000,1786962202.175166607,delivery_clock,34.833,,0,220.196591,-347.608339,0.000000
1786962202.210,1786962202.175166607,0.000000000,1786962202.175166607,delivery_clock,34.833,,2,197.821749,-341.030919,0.000000
1786962212.720,1786962212.674944639,0.000000000,1786962212.674944639,delivery_clock,45.055,,0,230.083144,-391.756459,0.000000
1786962212.720,1786962212.674944639,0.000000000,1786962212.674944639,delivery_clock,45.055,,2,205.469829,-377.299926,0.000000
1786962212.720,1786962212.674944639,0.000000000,1786962212.674944639,delivery_clock,45.055,,0,230.083144,-391.756459,0.000000
1786962212.720,1786962212.674944639,0.000000000,1786962212.674944639,delivery_clock,45.055,,2,205.469829,-377.299926,0.000000
1786962212.720,1786962212.674944639,0.000000000,1786962212.674944639,delivery_clock,45.055,,0,217.328494,-365.009270,0.000000
1786962212.720,1786962212.674944639,0.000000000,1786962212.674944639,delivery_clock,45.055,,2,192.762844,-349.941710,0.000000
1786962212.720,1786962212.674944639,0.000000000,1786962212.674944639,delivery_clock,45.055,,0,217.328494,-365.009270,0.000000
1786962212.720,1786962212.674944639,0.000000000,1786962212.674944639,delivery_clock,45.055,,2,192.762844,-349.941710,0.000000
1786962212.720,1786962212.699926615,0.000000000,1786962212.699926615,delivery_clock,20.073,,0,230.083144,-391.756459,0.000000
1786962212.720,1786962212.699926615,0.000000000,1786962212.699926615,delivery_clock,20.073,,2,205.469829,-377.299926,0.000000
1786962212.720,1786962212.699926615,0.000000000,1786962212.699926615,delivery_clock,20.073,,0,217.328494,-365.009270,0.000000
1786962212.720,1786962212.699926615,0.000000000,1786962212.699926615,delivery_clock,20.073,,2,192.762844,-349.941710,0.000000
1786962212.720,1786962212.699926615,0.000000000,1786962212.699926615,delivery_clock,20.073,,0,217.328494,-365.009270,0.000000
1786962212.720,1786962212.699926615,0.000000000,1786962212.699926615,delivery_clock,20.073,,2,192.762844,-349.941710,0.000000
1786962212.720,1786962212.699926615,0.000000000,1786962212.699926615,delivery_clock,20.073,,0,230.083144,-391.756459,0.000000
1786962212.720,1786962212.699926615,0.000000000,1786962212.699926615,delivery_clock,20.073,,2,205.469829,-377.299926,0.000000
1786962212.720,1786962212.699926615,0.000000000,1786962212.699926615,delivery_clock,20.073,,0,230.083144,-391.756459,0.000000
1786962212.720,1786962212.699926615,0.000000000,1786962212.699926615,delivery_clock,20.073,,2,205.469829,-377.299926,0.000000
1786962212.720,1786962212.699926615,0.000000000,1786962212.699926615,delivery_clock,20.073,,0,217.328494,-365.009270,0.000000
1786962212.720,1786962212.699926615,0.000000000,1786962212.699926615,delivery_clock,20.073,,2,192.762844,-349.941710,0.000000
1786962212.720,1786962212.699926615,0.000000000,1786962212.699926615,delivery_clock,20.073,,0,217.328494,-365.009270,0.000000
1786962212.720,1786962212.699926615,0.000000000,1786962212.699926615,delivery_clock,20.073,,2,192.762844,-349.941710,0.000000
1786962212.720,1786962212.699926615,0.000000000,1786962212.699926615,delivery_clock,20.073,,0,230.083144,-391.756459,0.000000
1786962212.720,1786962212.699926615,0.000000000,1786962212.699926615,delivery_clock,20.073,,2,205.469829,-377.299926,0.000000
1786962212.720,1786962212.749938965,0.000000000,1786962212.749938965,delivery_clock,29.939,,0,230.083144,-391.756459,0.000000
1786962212.720,1786962212.749938965,0.000000000,1786962212.749938965,delivery_clock,29.939,,2,205.469829,-377.299926,0.000000
1786962212.720,1786962212.749938965,0.000000000,1786962212.749938965,delivery_clock,29.939,,0,217.334445,-365.062981,0.000000
1786962212.720,1786962212.749938965,0.000000000,1786962212.749938965,delivery_clock,29.939,,2,192.762844,-349.941710,0.000000
1786962212.720,1786962212.749938965,0.000000000,1786962212.749938965,delivery_clock,29.939,,0,217.334445,-365.062981,0.000000
1786962212.720,1786962212.749938965,0.000000000,1786962212.749938965,delivery_clock,29.939,,2,192.762844,-349.941710,0.000000
1786962212.720,1786962212.749938965,0.000000000,1786962212.749938965,delivery_clock,29.939,,0,230.083144,-391.756459,0.000000
1786962212.720,1786962212.749938965,0.000000000,1786962212.749938965,delivery_clock,29.939,,2,205.469829,-377.299926,0.000000
1786962212.720,1786962212.799931049,0.000000000,1786962212.799931049,delivery_clock,79.931,,0,217.593666,-366.407995,0.000000
1786962212.720,1786962212.799931049,0.000000000,1786962212.799931049,delivery_clock,79.931,,2,192.762844,-349.941710,0.000000
1786962212.720,1786962212.799931049,0.000000000,1786962212.799931049,delivery_clock,79.931,,0,230.342369,-393.101477,0.000000
1786962212.720,1786962212.799931049,0.000000000,1786962212.799931049,delivery_clock,79.931,,2,205.469829,-377.299926,0.000000
1786962212.720,1786962212.799931049,0.000000000,1786962212.799931049,delivery_clock,79.931,,0,230.342369,-393.101477,0.000000
1786962212.720,1786962212.799931049,0.000000000,1786962212.799931049,delivery_clock,79.931,,2,205.469829,-377.299926,0.000000
1786962212.720,1786962212.799931049,0.000000000,1786962212.799931049,delivery_clock,79.931,,0,217.593666,-366.407995,0.000000
1786962212.720,1786962212.799931049,0.000000000,1786962212.799931049,delivery_clock,79.931,,2,192.762844,-349.941710,0.000000
1786962220.590,1786962220.576902628,0.000000000,1786962220.576902628,delivery_clock,13.097,,0,225.623200,-399.977721,0.000000
1786962220.590,1786962220.576902628,0.000000000,1786962220.576902628,delivery_clock,13.097,,0,212.439545,-376.082000,0.000000
1786962220.590,1786962220.576902628,0.000000000,1786962220.576902628,delivery_clock,13.097,,0,212.439545,-376.082000,0.000000
1786962220.590,1786962220.576902628,0.000000000,1786962220.576902628,delivery_clock,13.097,,0,225.623200,-399.977721,0.000000
1786962220.590,1786962220.576902628,0.000000000,1786962220.576902628,delivery_clock,13.097,,0,212.439545,-376.082000,0.000000
1786962220.590,1786962220.576902628,0.000000000,1786962220.576902628,delivery_clock,13.097,,0,212.439545,-376.082000,0.000000
1786962220.590,1786962220.576902628,0.000000000,1786962220.576902628,delivery_clock,13.097,,0,225.623200,-399.977721,0.000000
1786962220.590,1786962220.576902628,0.000000000,1786962220.576902628,delivery_clock,13.097,,0,225.623200,-399.977721,0.000000
1786962222.910,1786962222.899756670,0.000000000,1786962222.899756670,delivery_clock,10.243,,0,223.572306,-402.169229,0.000000
1786962222.910,1786962222.899756670,0.000000000,1786962222.899756670,delivery_clock,10.243,,0,210.331797,-379.007211,0.000000
1786962222.910,1786962222.899756670,0.000000000,1786962222.899756670,delivery_clock,10.243,,0,210.331797,-379.007211,0.000000
1786962222.910,1786962222.899756670,0.000000000,1786962222.899756670,delivery_clock,10.243,,0,223.572306,-402.169229,0.000000
1786962222.910,1786962222.925036907,0.000000000,1786962222.925036907,delivery_clock,15.037,,0,210.331996,-379.048105,0.000000
1786962222.910,1786962222.925036907,0.000000000,1786962222.925036907,delivery_clock,15.037,,0,223.572306,-402.169229,0.000000
1786962222.910,1786962222.925036907,0.000000000,1786962222.925036907,delivery_clock,15.037,,0,223.572306,-402.169229,0.000000
1786962222.910,1786962222.925036907,0.000000000,1786962222.925036907,delivery_clock,15.037,,0,210.331996,-379.048105,0.000000
1786962222.910,1786962222.949804544,0.000000000,1786962222.949804544,delivery_clock,39.804,,0,210.331996,-379.048105,0.000000
1786962222.910,1786962222.949804544,0.000000000,1786962222.949804544,delivery_clock,39.804,,0,223.572306,-402.169229,0.000000
1786962222.910,1786962222.949804544,0.000000000,1786962222.949804544,delivery_clock,39.804,,0,223.572306,-402.169229,0.000000
1786962222.910,1786962222.949804544,0.000000000,1786962222.949804544,delivery_clock,39.804,,0,210.331996,-379.048105,0.000000
1786962222.910,1786962222.949804544,0.000000000,1786962222.949804544,delivery_clock,39.804,,0,210.116504,-379.255681,0.000000
1786962222.910,1786962222.949804544,0.000000000,1786962222.949804544,delivery_clock,39.804,,0,210.116504,-379.255681,0.000000
1786962222.910,1786962222.949804544,0.000000000,1786962222.949804544,delivery_clock,39.804,,0,223.356815,-402.376806,0.000000
1786962222.910,1786962222.949804544,0.000000000,1786962222.949804544,delivery_clock,39.804,,0,223.356815,-402.376806,0.000000
1786962233.330,1786962233.299655199,0.000000000,1786962233.299655199,delivery_clock,30.345,,0,197.435575,-388.723242,0.000000
1786962233.330,1786962233.299655199,0.000000000,1786962233.299655199,delivery_clock,30.345,,0,197.435575,-388.723242,0.000000
1786962233.330,1786962233.299655199,0.000000000,1786962233.299655199,delivery_clock,30.345,,0,210.312909,-409.155584,0.000000
1786962233.330,1786962233.299655199,0.000000000,1786962233.299655199,delivery_clock,30.345,,0,210.312909,-409.155584,0.000000
1786962241.390,1786962241.326965094,0.000000000,1786962241.326965094,delivery_clock,63.035,,0,186.700079,-390.870116,0.000000
1786962241.390,1786962241.326965094,0.000000000,1786962241.326965094,delivery_clock,63.035,,0,198.923773,-409.684325,0.000000
1786962241.390,1786962241.326965094,0.000000000,1786962241.326965094,delivery_clock,63.035,,0,198.923773,-409.684325,0.000000
1786962241.390,1786962241.326965094,0.000000000,1786962241.326965094,delivery_clock,63.035,,0,186.700079,-390.870116,0.000000
1786962241.390,1786962241.374903440,0.000000000,1786962241.374903440,delivery_clock,15.097,,0,186.525995,-390.912373,0.000000
1786962241.390,1786962241.374903440,0.000000000,1786962241.374903440,delivery_clock,15.097,,0,186.525995,-390.912373,0.000000
1786962241.390,1786962241.374903440,0.000000000,1786962241.374903440,delivery_clock,15.097,,0,198.749689,-409.726582,0.000000
1786962241.390,1786962241.374903440,0.000000000,1786962241.374903440,delivery_clock,15.097,,0,198.749689,-409.726582,0.000000
1786962241.390,1786962241.425071001,0.000000000,1786962241.425071001,delivery_clock,35.071,,0,198.749689,-409.726582,0.000000
1786962241.390,1786962241.425071001,0.000000000,1786962241.425071001,delivery_clock,35.071,,0,186.539774,-390.922260,0.000000
1786962241.390,1786962241.425071001,0.000000000,1786962241.425071001,delivery_clock,35.071,,0,186.539774,-390.922260,0.000000
1786962241.390,1786962241.425071001,0.000000000,1786962241.425071001,delivery_clock,35.071,,0,198.749689,-409.726582,0.000000
1786962245.040,1786962244.974507570,0.000000000,1786962244.974507570,delivery_clock,65.492,,0,182.891234,-393.122463,0.000000
1786962245.040,1786962244.974507570,0.000000000,1786962244.974507570,delivery_clock,65.492,,0,182.891234,-393.122463,0.000000
1786962245.040,1786962244.974507570,0.000000000,1786962244.974507570,delivery_clock,65.492,,0,194.738738,-411.278896,0.000000
1786962245.040,1786962244.974507570,0.000000000,1786962244.974507570,delivery_clock,65.492,,0,194.738738,-411.278896,0.000000
1786962245.040,1786962244.974507570,0.000000000,1786962244.974507570,delivery_clock,65.492,,0,182.891234,-393.122463,0.000000
1786962245.040,1786962244.999504566,0.000000000,1786962244.999504566,delivery_clock,40.495,,0,194.738738,-411.278896,0.000000
1786962245.040,1786962244.999504566,0.000000000,1786962244.999504566,delivery_clock,40.495,,0,182.891234,-393.122463,0.000000
1786962245.040,1786962244.999504566,0.000000000,1786962244.999504566,delivery_clock,40.495,,0,194.738738,-411.278896,0.000000
1786962248.790,1786962248.725098372,0.000000000,1786962248.725098372,delivery_clock,64.902,,0,179.871486,-396.624560,0.000000
1786962248.790,1786962248.725098372,0.000000000,1786962248.725098372,delivery_clock,64.902,,0,191.281046,-414.110096,0.000000
1786962248.790,1786962248.725098372,0.000000000,1786962248.725098372,delivery_clock,64.902,,0,191.281046,-414.110096,0.000000
1786962248.790,1786962248.725098372,0.000000000,1786962248.725098372,delivery_clock,64.902,,0,191.281046,-414.110096,0.000000
1786962248.790,1786962248.725098372,0.000000000,1786962248.725098372,delivery_clock,64.902,,0,191.281046,-414.110096,0.000000
1786962248.790,1786962248.725098372,0.000000000,1786962248.725098372,delivery_clock,64.902,,0,191.281046,-414.110096,0.000000
1786962248.790,1786962248.725098372,0.000000000,1786962248.725098372,delivery_clock,64.902,,0,179.871486,-396.624560,0.000000
1786962248.790,1786962248.725098372,0.000000000,1786962248.725098372,delivery_clock,64.902,,0,179.871486,-396.624560,0.000000
1786962248.790,1786962248.725098372,0.000000000,1786962248.725098372,delivery_clock,64.902,,0,179.871486,-396.624560,0.000000
1786962248.790,1786962248.725098372,0.000000000,1786962248.725098372,delivery_clock,64.902,,0,191.281046,-414.110096,0.000000
1786962248.790,1786962248.725098372,0.000000000,1786962248.725098372,delivery_clock,64.902,,0,179.871486,-396.624560,0.000000
1786962248.790,1786962248.725098372,0.000000000,1786962248.725098372,delivery_clock,64.902,,0,179.871486,-396.624560,0.000000
1786962305.560,1786962305.598683596,0.000000000,1786962305.598683596,delivery_clock,38.684,,0,253.744927,-431.229227,0.000000
1786962305.560,1786962305.598683596,0.000000000,1786962305.598683596,delivery_clock,38.684,,0,248.403045,-422.669979,0.000000
1786962305.560,1786962305.598683596,0.000000000,1786962305.598683596,delivery_clock,38.684,,0,253.744927,-431.229227,0.000000
1786962305.560,1786962305.598683596,0.000000000,1786962305.598683596,delivery_clock,38.684,,0,248.403045,-422.669979,0.000000
1786962305.560,1786962305.598683596,0.000000000,1786962305.598683596,delivery_clock,38.684,,0,248.403045,-422.669979,0.000000
1786962305.560,1786962305.598683596,0.000000000,1786962305.598683596,delivery_clock,38.684,,0,248.403045,-422.669979,0.000000
1786962305.560,1786962305.598683596,0.000000000,1786962305.598683596,delivery_clock,38.684,,0,253.744927,-431.229227,0.000000
1786962305.560,1786962305.598683596,0.000000000,1786962305.598683596,delivery_clock,38.684,,0,253.744927,-431.229227,0.000000
