bag,row_index,record_ns_raw,header_sec_raw,header_nanosec_raw,header_ns_recomposed,age_ns_integer,age_ms
rosbag2_2026_08_17-15_02_44,0,1786971766058772479,1786971765,14321560,1786971765014321560,1044450919,1044.450919
rosbag2_2026_08_17-15_02_44,1,1786971766067423758,1786971765,93550956,1786971765093550956,973872802,973.872802
rosbag2_2026_08_17-15_02_44,2,1786971766073554054,1786971765,195208717,1786971765195208717,878345337,878.345337
rosbag2_2026_08_17-15_02_44,3,1786971766082700825,1786971765,402403538,1786971765402403538,680297287,680.297287
rosbag2_2026_08_17-15_02_44,4,1786971766095149323,1786971765,476752218,1786971765476752218,618397105,618.397105
rosbag2_2026_08_17-15_02_44,5,1786971766129153825,1786971765,581962619,1786971765581962619,547191206,547.191206
rosbag2_2026_08_17-15_02_44,6,1786971766264315954,1786971765,774821341,1786971765774821341,489494613,489.494613
rosbag2_2026_08_17-15_02_44,7,1786971766380855384,1786971765,876228508,1786971765876228508,504626876,504.626876
rosbag2_2026_08_17-15_02_44,8,1786971766531456246,1786971766,16911969,1786971766016911969,514544277,514.544277
rosbag2_2026_08_17-15_02_44,9,1786971766656728620,1786971766,157425379,1786971766157425379,499303241,499.303241
