t,ns,marker_id,track_id,boresight_deg,angle_in_frame_deg,gimbal_yaw_deg,corrected_yaw_deg,yaw_correction_valid,yaw_sigma_deg,angle_error_deg,miss_distance_m,range_m
1786971774.582,,0,,,,-89.270,-96.290,True,0.944,148.425,103.85,198.34
1786971774.882,,1,,,,-89.530,-96.515,True,0.936,148.553,103.41,198.21
1786971775.007,,2,,,,-89.590,-96.566,True,0.934,148.542,103.40,198.13
1786971775.482,,3,,,,-90.050,-96.963,True,0.921,148.806,102.49,197.89
1786971775.932,,4,,,,-89.440,-96.437,True,0.939,148.617,102.93,197.66
1786971777.282,,5,,,,-90.550,-97.394,True,0.906,149.108,101.14,196.99
1786971779.932,,6,,,,-89.020,-96.075,True,0.951,149.300,99.90,195.66
1786971780.482,,7,,,,-89.000,-96.058,True,0.952,151.934,91.94,195.41
1786971790.807,,8,,,,-90.470,-97.325,True,0.908,142.413,116.76,191.42
1786971801.207,,9,,,,-89.370,-96.377,True,0.941,160.057,64.10,187.93
1786971801.307,,10,,,,-88.810,-95.894,True,0.957,160.587,62.45,187.88
1786971804.082,,11,,,,-91.390,-98.118,True,0.881,161.419,59.61,187.08
1786971805.607,,12,,,,-91.140,-97.902,True,0.888,162.609,55.77,186.58
1786971810.532,,13,,,,-91.730,-98.411,True,0.871,162.287,56.21,184.75
1786971811.432,,14,,,,-90.690,-97.515,True,0.902,163.193,53.31,184.36
1786971811.757,,15,,,,-91.250,-97.997,True,0.885,163.622,51.95,184.23
1786971811.907,,16,,,,-90.920,-97.713,True,0.895,163.866,51.18,184.16
1786971812.032,,17,,,,-90.370,-97.239,True,0.911,163.850,51.21,184.12
1786971812.132,,18,,,,-81.640,-89.714,True,0.755,163.441,52.46,184.08
1786971812.207,,19,,,,-76.640,-85.405,True,0.562,160.354,61.88,184.06
1786971812.282,,20,,,,-68.560,-78.460,True,0.762,153.527,82.04,184.03
1786971812.382,,21,,,,-67.020,-77.203,True,0.717,147.119,99.89,184.00
1786971812.882,,22,,,,-66.540,-76.811,True,0.702,147.652,98.33,183.78
1786971814.982,,23,,,,-16.450,-18.676,True,0.600,75.269,176.91,182.93
1786971815.107,,24,,,,-16.270,-18.460,True,0.605,75.529,177.09,182.89
1786971815.182,,25,,,,-16.030,-18.172,True,0.613,75.739,177.23,182.86
1786971815.257,,26,,,,-15.780,-17.872,True,0.621,75.812,177.25,182.83
1786971815.407,,27,,,,-15.420,-17.439,True,0.632,76.141,177.44,182.76
1786971815.632,,28,,,,-6.640,-7.863,True,0.596,75.447,176.81,182.67
1786971815.807,,29,,,,16.890,11.820,True,0.465,65.102,165.64,182.61
1786971815.907,,30,,,,24.530,18.162,True,0.660,48.742,137.23,182.55
1786971816.157,,31,,,,25.590,19.120,True,0.696,43.023,124.50,182.48
1786971816.357,,32,,,,25.840,19.346,True,0.704,42.862,124.08,182.40
1786971817.932,,33,,,,-2.790,-4.091,True,0.451,98.631,179.78,181.84
1786971818.106,,34,,,,-3.580,-4.865,True,0.479,99.435,179.32,181.78
1786971818.206,,35,,,,-3.880,-5.159,True,0.490,99.563,179.22,181.75
1786971818.356,,36,,,,-4.190,-5.463,True,0.502,99.899,179.00,181.70
1786971820.581,,37,,,,-3.720,-5.002,True,0.484,84.509,180.07,180.90
1786971820.681,,38,,,,-4.560,-5.825,True,0.515,84.605,180.06,180.86
1786971820.806,,39,,,,-6.570,-7.794,True,0.593,85.973,180.38,180.83
1786971820.931,,40,,,,-7.620,-8.823,True,0.636,87.772,180.65,180.79
1786971821.081,,41,,,,-8.200,-9.391,True,0.659,88.195,180.67,180.76
1786971821.181,,42,,,,-8.460,-9.646,True,0.670,88.434,180.65,180.72
1786971821.306,,43,,,,-8.570,-9.754,True,0.674,88.456,180.62,180.68
1786971821.481,,44,,,,-8.740,-9.920,True,0.681,89.344,180.60,180.62
1786971821.631,,45,,,,-8.960,-10.136,True,0.690,84.328,179.69,180.58
1786971821.806,,46,,,,-8.980,-10.155,True,0.691,83.768,179.47,180.53
1786971821.906,,47,,,,-8.890,-10.067,True,0.688,83.161,179.21,180.49
1786971822.031,,48,,,,-8.940,-10.116,True,0.690,83.256,179.20,180.45
1786971822.156,,49,,,,-9.080,-10.253,True,0.695,82.921,179.03,180.41
1786971822.231,,50,,,,-9.270,-10.439,True,0.703,82.762,178.94,180.38
1786971822.431,,51,,,,-9.590,-10.753,True,0.717,82.696,178.86,180.32
1786971822.581,,52,,,,-9.140,-10.312,True,0.698,82.635,178.78,180.27
1786971822.756,,53,,,,-7.320,-8.529,True,0.623,81.401,178.21,180.24
1786971822.806,,54,,,,-6.990,-8.206,True,0.610,80.357,177.66,180.21
1786971822.881,,55,,,,-6.560,-7.784,True,0.593,79.905,177.40,180.19
1786971823.006,,56,,,,-6.010,-7.246,True,0.571,79.571,177.18,180.16
1786971823.106,,57,,,,-0.060,-1.755,True,0.422,79.283,176.98,180.13
1786971823.306,,58,,,,8.530,4.700,True,0.505,70.572,169.82,180.07
1786971823.431,,59,,,,8.960,5.070,True,0.499,68.270,167.22,180.02
1786971823.606,,60,,,,9.410,5.458,True,0.494,70.923,170.08,179.96
1786971823.731,,61,,,,31.720,24.662,True,0.905,68.118,166.96,179.93
1786971823.956,,62,,,,34.500,27.483,True,0.912,49.284,136.33,179.87
1786971824.106,,63,,,,35.060,28.068,True,0.909,64.952,162.90,179.81
1786971824.206,,64,,,,37.690,30.818,True,0.892,62.434,159.37,179.78
1786971824.281,,65,,,,38.750,31.926,True,0.885,59.923,155.55,179.75
1786971827.781,,66,,,,82.880,76.116,True,1.137,2.527,7.89,178.88
1786971830.831,,67,,,,83.860,77.096,True,1.137,18.427,56.34,178.24
1786971831.006,,68,,,,84.280,77.516,True,1.137,18.357,56.12,178.21
1786971831.406,,69,,,,86.530,79.766,True,1.137,18.956,57.87,178.14
1786971831.531,,70,,,,87.190,80.426,True,1.137,19.461,59.35,178.13
1786971831.631,,71,,,,87.190,80.426,True,1.137,20.048,61.06,178.12
1786971834.631,,72,,,,84.350,77.586,True,1.137,-3.436,10.64,177.63
1786971834.681,,73,,,,84.550,77.786,True,1.137,-3.186,9.87,177.62
1786971834.831,,74,,,,85.180,78.416,True,1.137,-2.874,8.90,177.60
1786971834.931,,75,,,,85.740,78.976,True,1.137,-2.640,8.18,177.58
1786971834.981,,76,,,,86.030,79.266,True,1.137,-2.445,7.57,177.57
1786971835.206,,77,,,,86.390,79.626,True,1.137,-2.364,7.32,177.54
1786971835.331,,78,,,,86.260,79.496,True,1.137,-2.052,6.35,177.51
1786971835.431,,79,,,,86.100,79.336,True,1.137,-2.106,6.52,177.50
1786971835.556,,80,,,,85.950,79.186,True,1.137,-1.958,6.06,177.48
1786971835.706,,81,,,,86.030,79.266,True,1.137,-1.074,3.33,177.46
1786971835.906,,82,,,,86.460,79.696,True,1.137,-1.164,3.61,177.44
1786971836.081,,83,,,,86.720,79.956,True,1.137,-0.552,1.71,177.43
1786971836.181,,84,,,,86.650,79.886,True,1.137,-1.169,3.62,177.42
1786971836.281,,85,,,,86.380,79.616,True,1.137,-1.526,4.72,177.40
1786971836.406,,86,,,,85.990,79.226,True,1.137,-1.683,5.21,177.39
1786971836.531,,87,,,,85.420,78.656,True,1.137,-1.693,5.24,177.38
1786971836.631,,88,,,,84.720,77.956,True,1.137,-1.711,5.30,177.37
1786971836.706,,89,,,,84.390,77.626,True,1.137,-1.702,5.27,177.36
1786971836.806,,90,,,,83.870,77.106,True,1.137,-1.958,6.06,177.35
1786971836.981,,91,,,,83.270,76.506,True,1.137,-2.737,8.47,177.33
1786971837.156,,92,,,,83.190,76.426,True,1.137,-3.306,10.23,177.30
1786971837.331,,93,,,,83.200,76.436,True,1.137,-4.259,13.17,177.27
1786971837.556,,94,,,,83.420,76.656,True,1.137,-4.937,15.25,177.24
1786971837.656,,95,,,,83.650,76.886,True,1.137,-4.853,14.99,177.22
1786971837.781,,96,,,,84.020,77.256,True,1.137,-5.042,15.57,177.20
1786971838.081,,97,,,,84.770,78.006,True,1.137,-4.160,12.85,177.15
1786971838.206,,98,,,,85.040,78.276,True,1.137,-3.677,11.36,177.13
1786971838.281,,99,,,,85.170,78.406,True,1.137,-3.487,10.77,177.11
1786971838.481,,100,,,,85.420,78.656,True,1.137,-2.894,8.94,177.07
1786971838.581,,101,,,,85.350,78.586,True,1.137,-2.979,9.20,177.05
1786971838.831,,102,,,,84.790,78.026,True,1.137,-2.925,9.03,177.01
1786971839.156,,103,,,,84.020,77.256,True,1.137,-2.823,8.72,176.97
1786971839.181,,104,,,,83.910,77.146,True,1.137,-2.867,8.85,176.96
1786971839.281,,105,,,,83.770,77.006,True,1.137,-2.928,9.04,176.95
1786971839.381,,106,,,,83.730,76.966,True,1.137,-2.752,8.50,176.93
1786971839.581,,107,,,,83.810,77.046,True,1.137,-3.162,9.76,176.91
1786971839.681,,108,,,,83.900,77.136,True,1.137,-3.452,10.65,176.89
1786971839.906,,109,,,,84.300,77.536,True,1.137,-3.662,11.30,176.85
1786971840.081,,110,,,,84.690,77.926,True,1.137,-3.651,11.26,176.82
1786971840.281,,111,,,,85.040,78.276,True,1.137,-3.226,9.95,176.78
1786971840.456,,112,,,,85.260,78.496,True,1.137,-3.229,9.96,176.75
1786971840.581,,113,,,,85.290,78.526,True,1.137,-3.063,9.44,176.73
1786971840.731,,114,,,,85.030,78.266,True,1.137,-3.043,9.38,176.70
1786971841.006,,115,,,,84.110,77.346,True,1.137,-3.054,9.41,176.66
1786971841.056,,116,,,,83.980,77.216,True,1.137,-3.142,9.68,176.65
1786971841.231,,117,,,,83.520,76.756,True,1.137,-3.164,9.75,176.61
1786971841.431,,118,,,,83.530,76.766,True,1.137,-3.249,10.01,176.58
1786971841.606,,119,,,,83.790,77.026,True,1.137,-3.443,10.60,176.55
1786971841.731,,120,,,,84.010,77.246,True,1.137,-3.665,11.28,176.52
1786971842.006,,121,,,,84.610,77.846,True,1.137,-3.460,10.65,176.48
1786971842.131,,122,,,,84.880,78.116,True,1.137,-3.556,10.94,176.46
1786971842.231,,123,,,,84.970,78.206,True,1.137,-3.227,9.93,176.44
1786971842.331,,124,,,,85.060,78.296,True,1.137,-3.115,9.59,176.42
1786971842.506,,125,,,,85.030,78.266,True,1.137,-3.016,9.28,176.40
1786971842.606,,126,,,,84.930,78.166,True,1.137,-2.379,7.32,176.37
1786971842.731,,127,,,,84.630,77.866,True,1.137,-2.335,7.18,176.34
1786971842.931,,128,,,,84.370,77.606,True,1.137,-2.367,7.28,176.31
1786971843.131,,129,,,,84.330,77.566,True,1.137,-2.499,7.69,176.28
1786971843.281,,130,,,,84.300,77.536,True,1.137,-2.661,8.18,176.25
1786971843.406,,131,,,,84.330,77.566,True,1.137,-2.819,8.67,176.23
1786971843.606,,132,,,,84.550,77.786,True,1.137,-2.875,8.84,176.20
1786971843.631,,133,,,,84.650,77.886,True,1.137,-2.962,9.10,176.18
1786971843.806,,134,,,,85.130,78.366,True,1.137,-2.845,8.74,176.16
1786971843.881,,135,,,,85.280,78.516,True,1.137,-2.908,8.93,176.14
1786971844.031,,136,,,,85.680,78.916,True,1.137,-2.820,8.66,176.12
1786971844.156,,137,,,,85.770,79.006,True,1.137,-2.741,8.42,176.10
1786971844.331,,138,,,,85.710,78.946,True,1.137,-2.405,7.39,176.07
1786971844.456,,139,,,,85.690,78.926,True,1.137,-2.107,6.47,176.06
1786971844.581,,140,,,,85.500,78.736,True,1.137,-1.839,5.65,176.03
1786971844.781,,141,,,,85.010,78.246,True,1.137,-1.789,5.49,175.99
1786971844.931,,142,,,,84.630,77.866,True,1.137,-1.961,6.02,175.96
1786971845.031,,143,,,,84.440,77.676,True,1.137,-2.499,7.67,175.94
1786971845.206,,144,,,,84.010,77.246,True,1.137,-2.844,8.73,175.92
1786971845.331,,145,,,,83.670,76.906,True,1.137,-3.069,9.42,175.89
1786971845.431,,146,,,,83.620,76.856,True,1.137,-3.173,9.73,175.88
1786971845.531,,147,,,,83.610,76.846,True,1.137,-3.211,9.85,175.86
1786971845.706,,148,,,,83.680,76.916,True,1.137,-2.755,8.45,175.84
1786971845.806,,149,,,,83.650,76.886,True,1.137,-3.302,10.13,175.82
1786971846.031,,150,,,,83.340,76.576,True,1.137,-4.054,12.43,175.76
1786971846.106,,151,,,,83.320,76.556,True,1.137,-4.191,12.84,175.74
1786971846.181,,152,,,,83.460,76.696,True,1.137,-3.876,11.88,175.71
1786971846.406,,153,,,,84.400,77.636,True,1.137,-4.200,12.87,175.68
1786971846.506,,154,,,,84.930,78.166,True,1.137,-4.072,12.47,175.65
1786971846.581,,155,,,,85.820,79.056,True,1.137,-3.473,10.64,175.64
1786971846.681,,156,,,,86.430,79.666,True,1.137,-3.102,9.50,175.62
1786971846.831,,157,,,,87.110,80.346,True,1.137,-2.560,7.84,175.60
1786971846.931,,158,,,,87.290,80.526,True,1.137,-1.817,5.57,175.59
1786971847.081,,159,,,,87.250,80.486,True,1.137,-1.283,3.93,175.58
1786971847.181,,160,,,,87.140,80.376,True,1.137,0.255,0.78,175.56
1786971847.506,,161,,,,86.200,79.436,True,1.137,0.885,2.71,175.55
1786971847.606,,162,,,,86.030,79.266,True,1.137,0.819,2.51,175.54
1786971847.731,,163,,,,85.720,78.956,True,1.137,0.689,2.11,175.53
1786971848.006,,164,,,,85.380,78.616,True,1.137,0.795,2.44,175.51
1786971848.031,,165,,,,85.360,78.596,True,1.137,-1.077,3.30,175.51
1786971848.156,,166,,,,85.330,78.566,True,1.137,-1.701,5.21,175.50
1786971848.281,,167,,,,85.240,78.476,True,1.137,-2.096,6.42,175.49
1786971848.456,,168,,,,85.140,78.376,True,1.137,-2.390,7.32,175.47
1786971848.606,,169,,,,85.190,78.426,True,1.137,-2.506,7.67,175.45
1786971848.681,,170,,,,85.260,78.496,True,1.137,-2.486,7.61,175.44
1786971848.806,,171,,,,85.490,78.726,True,1.137,-2.491,7.63,175.43
1786971848.931,,172,,,,85.830,79.066,True,1.137,-2.430,7.44,175.42
1786971849.031,,173,,,,86.060,79.296,True,1.137,-2.520,7.71,175.42
1786971849.181,,174,,,,86.140,79.376,True,1.137,-2.571,7.87,175.40
1786971849.331,,175,,,,85.940,79.176,True,1.137,-2.699,8.26,175.39
1786971849.456,,176,,,,85.580,78.816,True,1.137,-2.723,8.33,175.39
1786971849.581,,177,,,,85.090,78.326,True,1.137,-2.608,7.98,175.38
1786971849.706,,178,,,,84.620,77.856,True,1.137,-2.494,7.63,175.37
1786971849.906,,179,,,,83.840,77.076,True,1.137,-2.463,7.54,175.35
1786971850.031,,180,,,,83.510,76.746,True,1.137,-2.915,8.92,175.33
1786971850.181,,181,,,,83.480,76.716,True,1.137,-3.375,10.32,175.31
1786971850.331,,182,,,,83.960,77.196,True,1.137,-3.906,11.94,175.30
1786971850.531,,183,,,,84.930,78.166,True,1.137,-4.139,12.65,175.29
1786971850.681,,184,,,,85.950,79.186,True,1.137,-4.034,12.33,175.28
1786971850.806,,185,,,,86.450,79.686,True,1.137,-3.738,11.43,175.28
1786971850.981,,186,,,,86.840,80.076,True,1.137,-3.023,9.24,175.28
1786971851.106,,187,,,,86.860,80.096,True,1.137,-2.404,7.35,175.27
1786971851.231,,188,,,,86.690,79.926,True,1.137,-2.018,6.17,175.27
1786971851.406,,189,,,,86.200,79.436,True,1.137,-1.540,4.71,175.27
1786971851.506,,190,,,,85.990,79.226,True,1.137,-1.343,4.11,175.27
1786971851.581,,191,,,,85.990,79.226,True,1.137,-0.791,2.42,175.27
1786971851.756,,192,,,,85.230,78.466,True,1.137,-1.532,4.69,175.26
1786971851.906,,193,,,,84.820,78.056,True,1.137,-1.939,5.93,175.26
1786971852.031,,194,,,,84.510,77.746,True,1.137,-2.462,7.53,175.26
1786971852.131,,195,,,,84.280,77.516,True,1.137,-2.918,8.92,175.25
1786971852.181,,196,,,,84.230,77.466,True,1.137,-3.239,9.90,175.25
1786971852.381,,197,,,,84.320,77.556,True,1.137,-3.372,10.31,175.25
1786971852.481,,198,,,,84.460,77.696,True,1.137,-3.429,10.48,175.24
1786971852.656,,199,,,,84.490,77.726,True,1.137,-3.677,11.24,175.23
1786971852.731,,200,,,,84.400,77.636,True,1.137,-3.836,11.72,175.22
1786971852.881,,201,,,,84.010,77.246,True,1.137,-4.037,12.33,175.20
1786971853.006,,202,,,,83.830,77.066,True,1.137,-4.073,12.45,175.19
1786971853.131,,203,,,,83.730,76.966,True,1.137,-4.087,12.49,175.18
1786971853.256,,204,,,,83.760,76.996,True,1.137,-4.060,12.40,175.18
1786971853.431,,205,,,,83.800,77.036,True,1.137,-4.122,12.59,175.17
1786971853.556,,206,,,,83.930,77.166,True,1.137,-4.153,12.68,175.16
1786971853.631,,207,,,,84.070,77.306,True,1.137,-4.263,13.02,175.16
1786971853.731,,208,,,,84.190,77.426,True,1.137,-4.370,13.35,175.16
1786971853.881,,209,,,,84.660,77.896,True,1.137,-4.398,13.43,175.15
1786971853.981,,210,,,,84.960,78.196,True,1.137,-4.265,13.02,175.15
1786971854.156,,211,,,,85.640,78.876,True,1.137,-3.800,11.61,175.14
1786971854.281,,212,,,,85.970,79.206,True,1.137,-3.283,10.03,175.14
1786971854.406,,213,,,,86.090,79.326,True,1.137,-2.909,8.89,175.14
1786971854.556,,214,,,,86.070,79.306,True,1.137,-2.733,8.35,175.13
1786971854.631,,215,,,,85.950,79.186,True,1.137,-2.144,6.55,175.13
1786971854.781,,216,,,,85.560,78.796,True,1.137,-1.885,5.76,175.12
1786971854.931,,217,,,,85.170,78.406,True,1.137,-2.274,6.95,175.12
1786971855.031,,218,,,,84.960,78.196,True,1.137,-2.547,7.78,175.12
1786971855.131,,219,,,,84.840,78.076,True,1.137,-2.424,7.41,175.12
1786971855.231,,220,,,,84.730,77.966,True,1.137,-2.711,8.28,175.12
1786971855.406,,221,,,,84.490,77.726,True,1.137,-2.574,7.86,175.11
1786971855.531,,222,,,,84.320,77.556,True,1.137,-2.626,8.02,175.11
1786971855.631,,223,,,,84.190,77.426,True,1.137,-3.327,10.16,175.11
1786971855.731,,224,,,,84.170,77.406,True,1.137,-3.632,11.09,175.10
1786971855.906,,225,,,,84.500,77.736,True,1.137,-3.691,11.27,175.10
1786971855.956,,226,,,,84.600,77.836,True,1.137,-3.690,11.27,175.10
1786971856.031,,227,,,,84.880,78.116,True,1.137,-3.654,11.16,175.10
1786971856.181,,228,,,,85.310,78.546,True,1.137,-3.629,11.08,175.10
1786971856.281,,229,,,,85.540,78.776,True,1.137,-3.565,10.89,175.10
1786971856.431,,230,,,,85.860,79.096,True,1.137,-3.447,10.53,175.10
1786971856.531,,231,,,,85.980,79.216,True,1.137,-3.264,9.97,175.10
1786971856.681,,232,,,,86.240,79.476,True,1.137,-3.038,9.28,175.11
1786971856.806,,233,,,,86.290,79.526,True,1.137,-2.785,8.51,175.12
1786971856.931,,234,,,,86.260,79.496,True,1.137,-2.610,7.97,175.12
1786971857.106,,235,,,,86.110,79.346,True,1.137,-2.579,7.88,175.12
1786971857.131,,236,,,,85.980,79.216,True,1.137,-2.659,8.12,175.12
1786971857.306,,237,,,,85.610,78.846,True,1.137,-2.767,8.46,175.12
1786971857.456,,238,,,,85.310,78.546,True,1.137,-2.765,8.45,175.12
1786971857.606,,239,,,,85.000,78.236,True,1.137,-3.040,9.29,175.12
1786971857.706,,240,,,,84.790,78.026,True,1.137,-3.429,10.47,175.12
1786971857.856,,241,,,,84.620,77.856,True,1.137,-3.068,9.37,175.11
1786971857.981,,242,,,,84.430,77.666,True,1.137,-3.611,11.03,175.11
1786971858.156,,243,,,,84.220,77.456,True,1.137,-3.887,11.87,175.11
1786971858.281,,244,,,,84.240,77.476,True,1.137,-4.145,12.66,175.11
1786971858.456,,245,,,,84.450,77.686,True,1.137,-4.221,12.89,175.11
1786971858.531,,246,,,,84.540,77.776,True,1.137,-4.246,12.96,175.11
1786971858.631,,247,,,,84.810,78.046,True,1.137,-4.188,12.79,175.12
1786971858.781,,248,,,,85.220,78.456,True,1.137,-4.037,12.33,175.12
1786971858.881,,249,,,,85.450,78.686,True,1.137,-3.896,11.90,175.13
1786971859.056,,250,,,,85.930,79.166,True,1.137,-3.786,11.56,175.14
1786971859.081,,251,,,,86.050,79.286,True,1.137,-3.687,11.26,175.14
1786971859.306,,252,,,,86.160,79.396,True,1.137,-3.514,10.74,175.15
1786971859.331,,253,,,,86.140,79.376,True,1.137,-3.408,10.41,175.16
1786971859.481,,254,,,,86.020,79.256,True,1.137,-3.258,9.96,175.17
1786971859.656,,255,,,,85.770,79.006,True,1.137,-3.098,9.47,175.19
1786971859.781,,256,,,,85.620,78.856,True,1.137,-2.595,7.93,175.20
1786971859.906,,257,,,,85.410,78.646,True,1.137,-2.462,7.53,175.20
1786971860.031,,258,,,,85.030,78.266,True,1.137,-2.914,8.91,175.21
1786971860.181,,259,,,,84.570,77.806,True,1.137,-3.193,9.76,175.21
1786971860.281,,260,,,,84.390,77.626,True,1.137,-3.520,10.76,175.22
1786971860.456,,261,,,,84.170,77.406,True,1.137,-3.897,11.91,175.22
1786971860.656,,262,,,,84.370,77.606,True,1.137,-4.191,12.80,175.23
1786971860.681,,263,,,,84.410,77.646,True,1.137,-4.390,13.41,175.23
1786971860.806,,264,,,,84.520,77.756,True,1.137,-4.519,13.81,175.24
1786971861.006,,265,,,,84.470,77.706,True,1.137,-4.680,14.30,175.24
1786971861.081,,266,,,,84.410,77.646,True,1.137,-4.686,14.32,175.25
1786971861.181,,267,,,,84.350,77.586,True,1.137,-4.713,14.40,175.25
1786971861.331,,268,,,,84.420,77.656,True,1.137,-4.738,14.48,175.26
1786971861.506,,269,,,,84.650,77.886,True,1.137,-4.715,14.41,175.27
1786971861.606,,270,,,,84.900,78.136,True,1.137,-4.571,13.97,175.28
1786971861.806,,271,,,,85.620,78.856,True,1.137,-4.337,13.26,175.30
1786971861.906,,272,,,,86.090,79.326,True,1.137,-4.004,12.24,175.32
1786971861.981,,273,,,,86.500,79.736,True,1.137,-3.690,11.29,175.33
1786971862.156,,274,,,,86.930,80.166,True,1.137,-3.295,10.08,175.35
1786971862.256,,275,,,,87.120,80.356,True,1.137,-3.019,9.24,175.37
1786971862.331,,276,,,,87.160,80.396,True,1.137,-2.593,7.94,175.39
1786971862.481,,277,,,,87.110,80.346,True,1.137,-2.032,6.22,175.41
1786971862.581,,278,,,,86.960,80.196,True,1.137,-1.692,5.18,175.43
1786971862.731,,279,,,,86.620,79.856,True,1.137,-1.376,4.21,175.46
1786971863.031,,280,,,,85.650,78.886,True,1.137,-1.768,5.41,175.52
1786971863.181,,281,,,,85.180,78.416,True,1.137,-2.406,7.37,175.53
1786971863.281,,282,,,,85.100,78.336,True,1.137,-3.116,9.54,175.56
1786971863.431,,283,,,,85.160,78.396,True,1.137,-3.815,11.68,175.58
1786971863.581,,284,,,,85.190,78.426,True,1.137,-4.341,13.29,175.61
1786971863.806,,285,,,,84.930,78.166,True,1.137,-4.637,14.20,175.64
1786971863.906,,286,,,,84.710,77.946,True,1.137,-4.752,14.55,175.65
1786971864.031,,287,,,,84.400,77.636,True,1.137,-4.777,14.63,175.67
1786971864.206,,288,,,,84.240,77.476,True,1.137,-4.716,14.45,175.70
1786971864.406,,289,,,,84.430,77.666,True,1.137,-4.854,14.87,175.72
1786971864.481,,290,,,,84.520,77.756,True,1.137,-5.088,15.58,175.73
1786971864.656,,291,,,,84.720,77.956,True,1.137,-5.274,16.16,175.76
1786971864.781,,292,,,,84.990,78.226,True,1.137,-5.297,16.23,175.79
1786971864.906,,293,,,,85.310,78.546,True,1.137,-5.244,16.07,175.82
1786971865.031,,294,,,,85.670,78.906,True,1.137,-5.068,15.53,175.84
1786971865.131,,295,,,,85.930,79.166,True,1.137,-4.964,15.22,175.86
1786971865.231,,296,,,,85.990,79.226,True,1.137,-4.834,14.82,175.88
1786971865.406,,297,,,,86.140,79.376,True,1.137,-4.584,14.06,175.91
1786971865.531,,298,,,,86.120,79.356,True,1.137,-4.351,13.35,175.93
1786971865.631,,299,,,,86.080,79.316,True,1.137,-4.260,13.07,175.96
1786971865.731,,300,,,,86.120,79.356,True,1.137,-4.288,13.16,175.98
1786971865.831,,301,,,,86.130,79.366,True,1.137,-4.254,13.06,176.00
1786971865.931,,302,,,,86.140,79.376,True,1.137,-4.178,12.83,176.02
1786971866.081,,303,,,,86.200,79.436,True,1.137,-4.098,12.58,176.05
1786971866.181,,304,,,,86.160,79.396,True,1.137,-4.028,12.37,176.08
1786971866.331,,305,,,,85.990,79.226,True,1.137,-4.065,12.48,176.12
1786971866.506,,306,,,,85.740,78.976,True,1.137,-4.285,13.16,176.15
1786971866.581,,307,,,,85.580,78.816,True,1.137,-4.416,13.57,176.17
1786971866.831,,308,,,,85.000,78.236,True,1.137,-4.396,13.51,176.22
1786971866.931,,309,,,,84.770,78.006,True,1.137,-4.972,15.27,176.24
1786971867.131,,310,,,,84.400,77.636,True,1.137,-5.167,15.87,176.27
1786971867.281,,311,,,,84.200,77.436,True,1.137,-5.452,16.75,176.31
1786971868.206,,312,,,,84.340,77.576,True,1.137,-5.888,18.10,176.48
1786971868.331,,313,,,,84.280,77.516,True,1.137,-5.869,18.05,176.51
1786971868.606,,314,,,,84.830,78.066,True,1.137,-5.926,18.23,176.55
1786971868.731,,315,,,,85.220,78.456,True,1.137,-5.938,18.27,176.57
1786971868.856,,316,,,,85.540,78.776,True,1.137,-5.861,18.03,176.59
1786971869.006,,317,,,,86.050,79.286,True,1.137,-5.710,17.57,176.62
1786971869.131,,318,,,,86.220,79.456,True,1.137,-5.502,16.94,176.65
1786971869.231,,319,,,,86.280,79.516,True,1.137,-5.231,16.11,176.67
1786971869.381,,320,,,,86.290,79.526,True,1.137,-4.942,15.22,176.70
1786971869.556,,321,,,,86.250,79.486,True,1.137,-4.670,14.39,176.74
1786971869.631,,322,,,,86.270,79.506,True,1.137,-4.503,13.88,176.76
1786971869.731,,323,,,,86.360,79.596,True,1.137,-4.380,13.50,176.79
1786971869.881,,324,,,,86.530,79.766,True,1.137,-4.334,13.36,176.83
1786971869.981,,325,,,,86.570,79.806,True,1.137,-4.380,13.51,176.86
1786971870.506,,326,,,,85.630,78.866,True,1.137,-4.372,13.49,177.00
1786971871.431,,327,,,,85.150,78.386,True,1.137,-5.397,16.67,177.27
1786971871.756,,328,,,,85.190,78.426,True,1.137,-5.566,17.20,177.36
1786971871.906,,329,,,,85.030,78.266,True,1.137,-5.586,17.27,177.39
1786971872.006,,330,,,,84.940,78.176,True,1.137,-5.505,17.02,177.42
1786971872.081,,331,,,,84.900,78.136,True,1.137,-5.361,16.58,177.46
1786971872.306,,332,,,,85.060,78.296,True,1.137,-5.186,16.05,177.53
1786971872.556,,333,,,,85.510,78.746,True,1.137,-4.917,15.22,177.60
1786971873.381,,334,,,,84.590,77.826,True,1.137,-4.880,15.13,177.86
1786971873.806,,335,,,,87.610,80.846,True,1.137,4.728,14.67,177.98
1786971873.881,,336,,,,88.440,81.676,True,1.137,3.514,10.91,178.01
1786971874.431,,337,,,,98.340,91.576,True,1.137,-16.350,50.15,178.16
1786971877.480,,338,,,,99.750,92.986,True,1.137,-2.662,8.33,179.25
1786971877.680,,339,,,,99.430,92.666,True,1.137,-2.822,8.83,179.30
1786971877.780,,340,,,,99.380,92.616,True,1.137,-2.841,8.89,179.34
1786971877.880,,341,,,,99.430,92.666,True,1.137,-3.076,9.62,179.37
1786971877.980,,342,,,,99.500,92.736,True,1.137,-3.044,9.53,179.43
1786971878.155,,343,,,,100.000,93.236,True,1.137,-2.926,9.16,179.47
1786971878.305,,344,,,,100.450,93.686,True,1.137,-2.843,8.90,179.53
1786971878.405,,345,,,,100.670,93.906,True,1.137,-2.974,9.32,179.57
1786971878.505,,346,,,,100.810,94.046,True,1.137,-3.064,9.60,179.62
1786971878.680,,347,,,,100.660,93.896,True,1.137,-3.059,9.59,179.70
1786971878.880,,348,,,,100.660,93.896,True,1.137,-3.149,9.88,179.78
1786971878.980,,349,,,,100.000,93.236,True,1.137,-3.004,9.42,179.81
1786971879.130,,350,,,,99.720,92.956,True,1.137,-2.715,8.52,179.89
1786971879.305,,351,,,,99.520,92.756,True,1.137,-2.481,7.79,179.93
1786971879.380,,352,,,,99.450,92.686,True,1.137,-2.611,8.20,179.98
1786971879.580,,353,,,,99.570,92.806,True,1.137,-2.726,8.56,180.04
1786971879.680,,354,,,,99.640,92.876,True,1.137,-2.857,8.97,180.08
1786971879.780,,355,,,,99.660,92.896,True,1.137,-3.352,10.53,180.13
1786971879.955,,356,,,,99.610,92.846,True,1.137,-3.519,11.06,180.18
1786971880.105,,357,,,,99.520,92.756,True,1.137,-3.516,11.05,180.24
1786971880.180,,358,,,,99.430,92.666,True,1.137,-3.511,11.04,180.27
1786971880.305,,359,,,,99.370,92.606,True,1.137,-3.499,11.00,180.31
1786971880.505,,360,,,,99.160,92.396,True,1.137,-3.576,11.25,180.36
1786971880.605,,361,,,,98.970,92.206,True,1.137,-3.640,11.45,180.40
1786971880.780,,362,,,,98.920,92.156,True,1.137,-3.579,11.27,180.46
1786971880.880,,363,,,,98.960,92.196,True,1.137,-3.717,11.70,180.51
1786971881.080,,364,,,,99.220,92.456,True,1.137,-3.812,12.01,180.59
1786971881.230,,365,,,,99.690,92.926,True,1.137,-3.791,11.94,180.65
1786971881.405,,366,,,,100.550,93.786,True,1.137,-3.706,11.68,180.71
1786971881.505,,367,,,,100.970,94.206,True,1.137,-3.475,10.96,180.76
1786971881.605,,368,,,,101.530,94.766,True,1.137,-3.060,9.65,180.81
1786971881.680,,369,,,,101.780,95.016,True,1.137,-3.009,9.49,180.85
1786971881.780,,370,,,,101.950,95.186,True,1.137,-2.733,8.63,180.91
1786971881.980,,371,,,,101.730,94.966,True,1.137,-2.042,6.45,180.98
1786971882.080,,372,,,,101.480,94.716,True,1.137,-1.318,4.16,181.03
1786971882.180,,373,,,,101.100,94.336,True,1.137,-1.095,3.46,181.08
1786971882.380,,374,,,,100.200,93.436,True,1.137,-1.052,3.33,181.15
1786971882.505,,375,,,,99.610,92.846,True,1.137,-1.516,4.79,181.20
1786971882.630,,376,,,,99.030,92.266,True,1.137,-1.556,4.92,181.26
1786971882.755,,377,,,,98.560,91.796,True,1.137,-2.660,8.41,181.31
1786971882.880,,378,,,,98.210,91.446,True,1.137,-3.296,10.43,181.37
1786971883.005,,379,,,,98.100,91.336,True,1.137,-3.852,12.19,181.41
1786971883.130,,380,,,,98.200,91.436,True,1.137,-4.464,14.13,181.46
1786971883.280,,381,,,,98.390,91.626,True,1.137,-4.564,14.44,181.51
1786971883.480,,382,,,,98.750,91.986,True,1.137,-4.956,15.69,181.58
1786971883.530,,383,,,,98.980,92.216,True,1.137,-5.009,15.86,181.61
1786971883.630,,384,,,,99.380,92.616,True,1.137,-4.862,15.40,181.66
1786971883.755,,385,,,,100.150,93.386,True,1.137,-4.535,14.37,181.71
1786971883.905,,386,,,,101.100,94.336,True,1.137,-4.023,12.75,181.75
1786971884.105,,387,,,,101.850,95.086,True,1.137,-3.477,11.03,181.85
1786971884.205,,388,,,,101.910,95.146,True,1.137,-2.777,8.81,181.90
1786971884.305,,389,,,,101.740,94.976,True,1.137,-2.300,7.30,181.93
1786971884.480,,390,,,,101.370,94.606,True,1.137,-1.864,5.92,182.03
1786971884.605,,391,,,,101.000,94.236,True,1.137,-1.527,4.85,182.10
1786971884.680,,392,,,,100.830,94.066,True,1.137,-1.328,4.22,182.15
1786971884.805,,393,,,,100.640,93.876,True,1.137,-1.357,4.32,182.19
1786971884.955,,394,,,,100.440,93.676,True,1.137,-2.237,7.11,182.25
1786971885.080,,395,,,,100.440,93.676,True,1.137,-2.766,8.80,182.32
1786971885.230,,396,,,,100.480,93.716,True,1.137,-3.073,9.78,182.38
1786971885.330,,397,,,,100.520,93.756,True,1.137,-3.314,10.55,182.44
1786971885.480,,398,,,,100.500,93.736,True,1.137,-3.402,10.83,182.48
1786971885.605,,399,,,,100.420,93.656,True,1.137,-3.211,10.22,182.53
1786971885.680,,400,,,,100.280,93.516,True,1.137,-3.477,11.07,182.57
1786971885.880,,401,,,,100.230,93.466,True,1.137,-3.556,11.33,182.64
1786971885.980,,402,,,,100.260,93.496,True,1.137,-3.681,11.73,182.69
1786971886.080,,403,,,,100.310,93.546,True,1.137,-3.680,11.73,182.75
1786971886.180,,404,,,,100.350,93.586,True,1.137,-3.319,10.58,182.79
1786971886.305,,405,,,,100.340,93.576,True,1.137,-3.094,9.87,182.85
1786971886.480,,406,,,,100.200,93.436,True,1.137,-2.964,9.46,182.95
1786971886.605,,407,,,,100.200,93.436,True,1.137,-3.083,9.84,183.00
1786971886.705,,408,,,,99.910,93.146,True,1.137,-3.698,11.81,183.05
1786971886.880,,409,,,,99.980,93.216,True,1.137,-3.316,10.59,183.13
1786971887.005,,410,,,,100.140,93.376,True,1.137,-3.456,11.04,183.21
1786971887.130,,411,,,,100.170,93.406,True,1.137,-3.730,11.92,183.26
1786971887.280,,412,,,,100.050,93.286,True,1.137,-3.967,12.68,183.33
1786971887.405,,413,,,,99.820,93.056,True,1.137,-4.185,13.38,183.39
1786971887.580,,414,,,,99.520,92.756,True,1.137,-4.171,13.34,183.46
1786971887.680,,415,,,,99.500,92.736,True,1.137,-4.129,13.21,183.51
1786971887.830,,416,,,,99.580,92.816,True,1.137,-4.089,13.09,183.58
1786971887.980,,417,,,,99.850,93.086,True,1.137,-3.958,12.68,183.65
1786971888.105,,418,,,,100.000,93.236,True,1.137,-3.925,12.57,183.69
1786971888.230,,419,,,,100.080,93.316,True,1.137,-4.239,13.58,183.75
1786971888.455,,420,,,,100.290,93.526,True,1.137,-4.292,13.76,183.84
1786971888.580,,421,,,,100.490,93.726,True,1.137,-4.149,13.31,183.94
1786971888.705,,422,,,,100.630,93.866,True,1.137,-3.851,12.36,183.99
1786971888.830,,423,,,,100.730,93.966,True,1.137,-3.991,12.81,184.05
1786971889.030,,424,,,,100.860,94.096,True,1.137,-3.973,12.76,184.17
1786971889.155,,425,,,,101.720,94.956,True,1.137,-4.089,13.14,184.23
1786971889.280,,426,,,,107.270,100.506,True,1.137,-7.418,23.80,184.31
1786971889.405,,427,,,,108.070,101.306,True,1.137,-9.731,31.16,184.36
1786971889.555,,428,,,,108.450,101.686,True,1.137,-10.578,33.86,184.43
1786971889.630,,429,,,,108.530,101.766,True,1.137,-11.099,35.51,184.48
1786971889.730,,430,,,,108.460,101.696,True,1.137,-11.691,37.39,184.53
1786971889.880,,431,,,,108.230,101.466,True,1.137,-11.781,37.69,184.60
1786971892.980,,432,,,,110.620,103.856,True,1.137,2.681,8.71,186.15
1786971893.080,,433,,,,110.390,103.626,True,1.137,2.541,8.26,186.22
1786971893.230,,434,,,,109.980,103.216,True,1.137,2.459,7.99,186.29
1786971893.705,,435,,,,111.170,104.406,True,1.137,-4.481,14.57,186.51
1786971893.855,,436,,,,112.600,105.836,True,1.137,-6.776,22.01,186.58
1786971894.005,,437,,,,113.100,106.336,True,1.137,-7.969,25.88,186.64
1786971894.130,,438,,,,113.340,106.576,True,1.137,-8.801,28.57,186.72
1786971894.255,,439,,,,113.510,106.746,True,1.137,-8.789,28.54,186.78
1786971894.330,,440,,,,113.590,106.826,True,1.137,-9.094,29.53,186.84
1786971894.555,,441,,,,113.820,107.056,True,1.137,-7.134,23.22,186.94
1786971894.655,,442,,,,113.920,107.156,True,1.137,-5.053,16.47,186.99
1786971894.730,,443,,,,114.050,107.286,True,1.137,-4.525,14.76,187.04
1786971894.830,,444,,,,114.250,107.486,True,1.137,-4.041,13.19,187.09
1786971894.930,,445,,,,114.470,107.706,True,1.137,-3.908,12.76,187.15
1786971895.030,,446,,,,114.750,107.986,True,1.137,-3.728,12.17,187.19
1786971895.155,,447,,,,114.990,108.226,True,1.137,-3.486,11.39,187.26
1786971895.305,,448,,,,115.220,108.456,True,1.137,-3.413,11.15,187.35
1786971895.480,,449,,,,115.440,108.676,True,1.137,-3.011,9.85,187.45
1786971895.580,,450,,,,115.450,108.686,True,1.137,-3.029,9.91,187.52
1786971895.680,,451,,,,115.440,108.676,True,1.137,-2.988,9.78,187.58
1786971895.780,,452,,,,115.430,108.666,True,1.137,-2.775,9.09,187.64
1786971895.905,,453,,,,115.430,108.666,True,1.137,-2.838,9.29,187.69
1786971896.030,,454,,,,115.420,108.656,True,1.137,-2.717,8.90,187.77
1786971896.205,,455,,,,115.270,108.506,True,1.137,-2.560,8.39,187.84
1786971896.280,,456,,,,115.200,108.436,True,1.137,-2.404,7.88,187.92
1786971896.430,,457,,,,114.970,108.206,True,1.137,-2.501,8.20,187.99
1786971896.605,,458,,,,114.630,107.866,True,1.137,-2.634,8.64,188.05
1786971896.705,,459,,,,114.430,107.666,True,1.137,-2.859,9.38,188.13
1786971896.780,,460,,,,114.240,107.476,True,1.137,-3.075,10.09,188.18
1786971896.930,,461,,,,113.980,107.216,True,1.137,-3.226,10.59,188.25
1786971897.030,,462,,,,113.840,107.076,True,1.137,-3.408,11.19,188.30
1786971897.205,,463,,,,113.760,106.996,True,1.137,-3.553,11.67,188.38
1786971897.305,,464,,,,113.790,107.026,True,1.137,-3.947,12.97,188.42
1786971897.455,,465,,,,113.880,107.116,True,1.137,-4.020,13.21,188.50
1786971897.580,,466,,,,113.950,107.186,True,1.137,-4.241,13.95,188.60
1786971897.680,,467,,,,114.030,107.266,True,1.137,-4.132,13.59,188.66
1786971897.805,,468,,,,114.330,107.566,True,1.137,-4.019,13.23,188.71
1786971897.880,,469,,,,114.580,107.816,True,1.137,-3.795,12.49,188.78
1786971898.055,,470,,,,115.120,108.356,True,1.137,-3.529,11.62,188.86
1786971898.180,,471,,,,115.580,108.816,True,1.137,-3.205,10.56,188.95
1786971898.405,,472,,,,115.970,109.206,True,1.137,-2.696,8.89,189.06
1786971898.430,,473,,,,115.990,109.226,True,1.137,-2.562,8.45,189.08
1786971898.630,,474,,,,116.000,109.236,True,1.137,-2.249,7.42,189.20
1786971898.830,,475,,,,115.690,108.926,True,1.137,-2.013,6.65,189.31
1786971899.005,,476,,,,115.280,108.516,True,1.137,-2.010,6.64,189.41
1786971899.155,,477,,,,115.000,108.236,True,1.137,-2.037,6.73,189.47
1786971899.305,,478,,,,114.590,107.826,True,1.137,-2.344,7.75,189.57
1786971899.380,,479,,,,114.430,107.666,True,1.137,-2.685,8.88,189.64
1786971899.530,,480,,,,113.990,107.226,True,1.137,-2.810,9.30,189.72
1786971899.630,,481,,,,113.850,107.086,True,1.137,-2.760,9.14,189.78
1786971899.805,,482,,,,113.820,107.056,True,1.137,-3.429,11.36,189.82
1786971899.880,,483,,,,113.860,107.096,True,1.137,-3.769,12.48,189.90
1786971899.980,,484,,,,113.950,107.186,True,1.137,-3.712,12.30,189.95
1786971900.080,,485,,,,114.070,107.306,True,1.137,-3.836,12.71,190.05
1786971900.205,,486,,,,114.160,107.396,True,1.137,-3.830,12.70,190.11
1786971900.355,,487,,,,114.370,107.606,True,1.137,-4.329,14.36,190.18
1786971900.430,,488,,,,114.480,107.716,True,1.137,-4.511,14.96,190.26
1786971900.580,,489,,,,114.680,107.916,True,1.137,-4.080,13.54,190.35
1786971900.730,,490,,,,114.880,108.116,True,1.137,-3.822,12.69,190.43
1786971900.880,,491,,,,115.010,108.246,True,1.137,-3.653,12.14,190.52
1786971901.005,,492,,,,115.020,108.256,True,1.137,-3.539,11.76,190.56
1786971901.205,,493,,,,115.020,108.256,True,1.137,-3.371,11.21,190.67
1786971901.280,,494,,,,115.030,108.266,True,1.137,-1.680,5.59,190.72
1786971901.480,,495,,,,114.930,108.166,True,1.137,-1.054,3.51,190.83
1786971901.580,,496,,,,114.870,108.106,True,1.137,-2.322,7.73,190.89
1786971901.630,,497,,,,114.840,108.076,True,1.137,-2.984,9.94,190.95
1786971901.805,,498,,,,114.750,107.986,True,1.137,-3.085,10.28,191.03
1786971901.930,,499,,,,114.730,107.966,True,1.137,-3.119,10.40,191.10
1786971902.030,,500,,,,114.730,107.966,True,1.137,-3.152,10.51,191.18
1786971902.230,,501,,,,114.840,108.076,True,1.137,-3.173,10.59,191.28
1786971902.355,,502,,,,114.930,108.166,True,1.137,-3.249,10.84,191.35
1786971902.480,,503,,,,114.980,108.216,True,1.137,-3.208,10.71,191.44
1786971902.605,,504,,,,114.950,108.186,True,1.137,-3.096,10.34,191.51
1786971902.755,,505,,,,114.870,108.106,True,1.137,-3.016,10.08,191.60
1786971902.880,,506,,,,114.790,108.026,True,1.137,-2.984,9.98,191.69
1786971903.005,,507,,,,114.840,108.076,True,1.137,-3.161,10.57,191.77
1786971903.155,,508,,,,114.880,108.116,True,1.137,-3.226,10.80,191.85
1786971903.230,,509,,,,114.890,108.126,True,1.137,-3.280,10.98,191.92
1786971903.355,,510,,,,114.860,108.096,True,1.137,-3.702,12.40,191.98
1786971903.530,,511,,,,114.820,108.056,True,1.137,-3.484,11.67,192.09
1786971903.630,,512,,,,114.880,108.116,True,1.137,-3.468,11.62,192.14
1786971903.805,,513,,,,115.020,108.256,True,1.137,-3.348,11.23,192.23
1786971903.955,,514,,,,115.160,108.396,True,1.137,-3.289,11.04,192.32
1786971904.105,,515,,,,115.160,108.396,True,1.137,-3.277,11.00,192.42
1786971904.230,,516,,,,115.050,108.286,True,1.137,-3.588,12.05,192.50
1786971904.480,,517,,,,114.640,107.876,True,1.137,-3.469,11.65,192.62
1786971904.680,,518,,,,114.440,107.676,True,1.137,-3.865,12.99,192.73
1786971904.780,,519,,,,114.440,107.676,True,1.137,-4.230,14.22,192.82
1786971904.880,,520,,,,114.330,107.566,True,1.137,-4.256,14.31,192.85
1786971905.030,,521,,,,114.650,107.886,True,1.137,-4.185,14.08,192.95
1786971905.205,,522,,,,115.190,108.426,True,1.137,-3.828,12.89,193.05
1786971905.380,,523,,,,115.770,109.006,True,1.137,-3.680,12.40,193.17
1786971905.430,,524,,,,115.970,109.206,True,1.137,-3.633,12.25,193.23
1786971905.580,,525,,,,116.340,109.576,True,1.137,-3.203,10.80,193.31
1786971905.705,,526,,,,116.470,109.706,True,1.137,-3.119,10.52,193.41
1786971905.905,,527,,,,116.390,109.626,True,1.137,-2.741,9.26,193.56
1786971905.980,,528,,,,116.250,109.486,True,1.137,-2.281,7.71,193.63
1786971906.205,,529,,,,115.950,109.186,True,1.137,-2.324,7.86,193.75
1786971906.305,,530,,,,115.800,109.036,True,1.137,-2.542,8.60,193.83
1786971906.505,,531,,,,115.420,108.656,True,1.137,-2.706,9.16,193.94
1786971906.655,,532,,,,115.040,108.276,True,1.137,-3.089,10.46,194.05
1786971906.755,,533,,,,114.830,108.066,True,1.137,-3.347,11.33,194.11
1786971906.855,,534,,,,114.630,107.866,True,1.137,-3.847,13.03,194.19
1786971906.955,,535,,,,114.410,107.646,True,1.137,-3.885,13.16,194.25
1786971907.105,,536,,,,114.030,107.266,True,1.137,-4.138,14.02,194.33
1786971907.130,,537,,,,113.990,107.226,True,1.137,-4.577,15.51,194.37
1786971907.230,,538,,,,113.840,107.076,True,1.137,-4.823,16.35,194.44
1786971907.455,,539,,,,113.670,106.906,True,1.137,-5.182,17.57,194.54
1786971907.605,,540,,,,113.700,106.936,True,1.137,-5.397,18.31,194.63
1786971907.705,,541,,,,113.800,107.036,True,1.137,-5.448,18.48,194.70
1786971907.805,,542,,,,113.920,107.156,True,1.137,-5.525,18.75,194.76
1786971908.005,,543,,,,114.390,107.626,True,1.137,-5.576,18.93,194.84
1786971908.030,,544,,,,114.500,107.736,True,1.137,-5.523,18.76,194.91
1786971908.180,,545,,,,114.900,108.136,True,1.137,-5.417,18.41,194.99
1786971908.230,,546,,,,115.050,108.286,True,1.137,-5.290,17.98,195.05
1786971908.405,,547,,,,115.540,108.776,True,1.137,-5.055,17.19,195.13
1786971908.530,,548,,,,115.820,109.056,True,1.137,-4.704,16.01,195.23
1786971908.680,,549,,,,116.010,109.246,True,1.137,-4.438,15.12,195.34
1786971908.805,,550,,,,116.050,109.286,True,1.137,-4.070,13.87,195.43
1786971908.930,,551,,,,116.030,109.266,True,1.137,-3.637,12.40,195.50
1786971909.080,,552,,,,115.900,109.136,True,1.137,-3.674,12.54,195.63
1786971909.180,,553,,,,115.710,108.946,True,1.137,-3.718,12.69,195.70
1786971909.280,,554,,,,115.530,108.766,True,1.137,-3.838,13.11,195.79
1786971909.430,,555,,,,115.290,108.526,True,1.137,-3.872,13.23,195.89
1786971909.555,,556,,,,115.170,108.406,True,1.137,-4.042,13.81,195.94
1786971909.705,,557,,,,115.050,108.286,True,1.137,-4.231,14.46,196.04
1786971909.780,,558,,,,115.000,108.236,True,1.137,-4.231,14.47,196.11
1786971909.955,,559,,,,114.770,108.006,True,1.137,-4.542,15.54,196.21
1786971910.080,,560,,,,114.640,107.876,True,1.137,-4.803,16.43,196.29
1786971910.205,,561,,,,114.560,107.796,True,1.137,-4.808,16.46,196.39
1786971910.405,,562,,,,114.380,107.616,True,1.137,-4.841,16.58,196.49
1786971910.630,,563,,,,114.060,107.296,True,1.137,-5.024,17.22,196.67
1786971910.805,,564,,,,113.920,107.156,True,1.137,-5.394,18.50,196.75
1786971910.905,,565,,,,113.980,107.216,True,1.137,-5.544,19.01,196.83
1786971911.030,,566,,,,114.130,107.366,True,1.137,-5.629,19.32,196.95
1786971911.130,,567,,,,114.290,107.526,True,1.137,-5.632,19.34,197.01
1786971911.280,,568,,,,114.550,107.786,True,1.137,-5.619,19.30,197.10
1786971911.430,,569,,,,114.800,108.036,True,1.137,-5.231,17.98,197.21
1786971911.555,,570,,,,115.050,108.286,True,1.137,-4.936,16.97,197.28
1786971911.680,,571,,,,115.410,108.646,True,1.137,-4.763,16.39,197.40
1786971911.830,,572,,,,115.720,108.956,True,1.137,-4.372,15.05,197.50
1786971911.955,,573,,,,115.830,109.066,True,1.137,-4.289,14.77,197.56
1786971912.105,,574,,,,115.650,108.886,True,1.137,-4.366,15.05,197.66
1786971912.130,,575,,,,115.580,108.816,True,1.137,-4.126,14.23,197.71
1786971912.305,,576,,,,115.140,108.376,True,1.137,-4.263,14.70,197.81
1786971912.505,,577,,,,114.420,107.656,True,1.137,-4.463,15.40,197.95
1786971912.605,,578,,,,109.770,103.006,True,1.137,-4.253,14.68,198.01
1786971912.755,,579,,,,88.190,81.426,True,1.137,5.090,17.58,198.10
1786971912.880,,580,,,,71.620,65.972,True,1.091,24.116,80.98,198.20
1786971913.030,,581,,,,45.170,38.969,True,0.860,41.559,131.55,198.30
1786971913.130,,582,,,,21.380,15.485,True,0.572,60.772,173.11,198.37
1786971913.280,,583,,,,-2.780,-4.081,True,0.451,89.703,198.47,198.47
1786971916.355,,584,,,,-45.910,-54.905,True,0.776,159.844,69.14,200.65
1786971916.955,,585,,,,-44.340,-53.055,True,0.776,159.921,69.04,201.10
1786971917.005,,586,,,,-44.190,-52.878,True,0.776,159.974,68.89,201.18
1786971917.380,,587,,,,-43.860,-52.490,True,0.776,160.475,67.34,201.48
1786971917.505,,588,,,,-44.120,-52.796,True,0.776,160.723,66.54,201.57
1786971917.680,,589,,,,-44.750,-53.538,True,0.776,161.139,65.20,201.69
1786971917.905,,590,,,,-45.310,-54.198,True,0.776,161.633,63.61,201.86
1786971918.305,,591,,,,-46.030,-55.046,True,0.776,161.560,63.94,202.13
1786971918.405,,592,,,,-46.120,-55.152,True,0.776,161.554,63.99,202.22
1786971918.730,,593,,,,-46.120,-55.152,True,0.776,161.451,64.40,202.45
1786971918.880,,594,,,,-45.920,-54.917,True,0.776,161.432,64.49,202.54
1786971919.005,,595,,,,-45.860,-54.846,True,0.776,161.499,64.30,202.62
1786971919.080,,596,,,,-45.820,-54.799,True,0.776,161.604,63.96,202.68
1786971919.205,,597,,,,-45.780,-54.752,True,0.776,161.660,63.80,202.75
1786971921.305,,598,,,,-44.820,-53.621,True,0.776,164.025,56.22,204.27
1786971921.505,,599,,,,-45.000,-53.833,True,0.776,163.998,56.35,204.40
1786971921.605,,600,,,,-45.140,-53.998,True,0.776,164.164,55.80,204.49
1786971922.730,,601,,,,-45.110,-53.962,True,0.776,164.791,53.85,205.28
1786971922.805,,602,,,,-44.860,-53.668,True,0.776,164.840,53.70,205.34
1786971922.930,,603,,,,-44.520,-53.267,True,0.776,164.886,53.56,205.43
1786971923.030,,604,,,,-44.260,-52.961,True,0.776,164.998,53.19,205.50
1786971923.505,,605,,,,-44.190,-52.878,True,0.776,165.679,50.92,205.85
1786971931.680,,606,,,,-45.730,-54.693,True,0.776,173.112,25.36,211.46
1786971931.980,,607,,,,-45.720,-54.681,True,0.776,173.373,24.42,211.64
1786971933.430,,608,,,,-46.350,-55.423,True,0.776,174.610,19.96,212.49
1786971933.480,,609,,,,-46.350,-55.423,True,0.776,174.728,19.53,212.53
1786971933.580,,610,,,,-46.080,-55.105,True,0.776,174.742,19.48,212.59
1786971933.680,,611,,,,-45.940,-54.940,True,0.776,174.758,19.43,212.66
1786971934.230,,612,,,,-45.160,-54.021,True,0.776,175.300,17.45,212.98
1786971934.480,,613,,,,-45.000,-53.833,True,0.776,175.800,15.61,213.12
1786971934.780,,614,,,,-44.920,-53.738,True,0.776,176.271,13.87,213.35
1786971936.005,,615,,,,-46.380,-55.458,True,0.776,177.399,9.71,214.06
1786971951.929,,616,,,,-56.360,-67.043,True,0.621,150.139,110.99,222.91
1786971952.004,,617,,,,-56.390,-67.077,True,0.620,150.034,111.36,222.95
1786971952.129,,618,,,,-56.320,-66.997,True,0.622,149.989,111.54,223.01
1786971952.304,,619,,,,-56.150,-66.800,True,0.625,149.900,111.88,223.08
1786971952.879,,620,,,,-62.790,-73.750,True,0.594,158.010,83.64,223.38
1786971953.079,,621,,,,-63.130,-74.027,True,0.603,159.407,78.60,223.48
