manual_time_ros_s,box_pair_time_s,box_marker_stamp_s,box_delivery_clock_s,timestamp_source,timestamp_difference_ms,lidar_box_id,lidar_target_x_m,lidar_target_y_m,lidar_target_z_m
1786962025.510,1786962025.530319452,0.000000000,1786962025.530319452,delivery_clock,20.319,0,234.677442,-386.628469,0.000000
1786962025.510,1786962025.555318832,0.000000000,1786962025.555318832,delivery_clock,45.319,0,193.808506,-325.037920,0.000000
1786962030.060,1786962030.030249119,0.000000000,1786962030.030249119,delivery_clock,29.751,0,232.619150,-384.608236,0.000000
1786962030.060,1786962030.030249119,0.000000000,1786962030.030249119,delivery_clock,29.751,0,192.067667,-323.302328,0.000000
1786962068.150,1786962068.079688311,0.000000000,1786962068.079688311,delivery_clock,70.312,0,221.264506,-402.660847,0.000000
1786962068.150,1786962068.079688311,0.000000000,1786962068.079688311,delivery_clock,70.312,0,185.845225,-347.352620,0.000000
1786962068.150,1786962068.129692078,0.000000000,1786962068.129692078,delivery_clock,20.308,0,221.264506,-402.660847,0.000000
1786962068.150,1786962068.129692078,0.000000000,1786962068.129692078,delivery_clock,20.308,0,185.851023,-347.366505,0.000000
1786962068.150,1786962068.179699421,0.000000000,1786962068.179699421,delivery_clock,29.699,0,221.241269,-401.688609,0.000000
1786962068.150,1786962068.179699421,0.000000000,1786962068.179699421,delivery_clock,29.699,0,185.847211,-346.414012,0.000000
1786962068.150,1786962068.229688406,0.000000000,1786962068.229688406,delivery_clock,79.688,0,221.241269,-401.688609,0.000000
1786962068.150,1786962068.229688406,0.000000000,1786962068.229688406,delivery_clock,79.688,0,185.847211,-346.414012,0.000000
1786962096.770,1786962096.729290485,0.000000000,1786962096.729290485,delivery_clock,40.709,0,239.088080,-425.402820,0.000000
1786962096.770,1786962096.729290485,0.000000000,1786962096.729290485,delivery_clock,40.709,0,209.123398,-375.231009,0.000000
1786962117.970,1786962117.904039621,0.000000000,1786962117.904039621,delivery_clock,65.960,0,221.117697,-365.793277,0.000000
1786962117.970,1786962117.904039621,0.000000000,1786962117.904039621,delivery_clock,65.960,0,247.564218,-412.612345,0.000000
1786962117.970,1786962117.979033709,0.000000000,1786962117.979033709,delivery_clock,9.034,0,221.117697,-365.793277,0.000000
1786962117.970,1786962117.979033709,0.000000000,1786962117.979033709,delivery_clock,9.034,0,247.564218,-412.612345,0.000000
1786962117.970,1786962118.004038095,0.000000000,1786962118.004038095,delivery_clock,34.038,0,221.117697,-365.793277,0.000000
1786962117.970,1786962118.004038095,0.000000000,1786962118.004038095,delivery_clock,34.038,0,247.564218,-412.612345,0.000000
1786962144.850,1786962144.778795004,0.000000000,1786962144.778795004,delivery_clock,71.205,0,209.976197,-342.221733,0.000000
1786962144.850,1786962144.778795004,0.000000000,1786962144.778795004,delivery_clock,71.205,0,231.246544,-384.984243,0.000000
1786962144.850,1786962144.853804588,0.000000000,1786962144.853804588,delivery_clock,3.805,0,209.976197,-342.221733,0.000000
1786962144.850,1786962144.853804588,0.000000000,1786962144.853804588,delivery_clock,3.805,0,231.246544,-384.984243,0.000000
1786962202.210,1786962202.203286648,0.000000000,1786962202.203286648,delivery_clock,6.713,0,233.716273,-377.697301,0.000000
1786962202.210,1786962202.203286648,0.000000000,1786962202.203286648,delivery_clock,6.713,2,211.543077,-370.834901,0.000000
1786962202.210,1786962202.203286648,0.000000000,1786962202.203286648,delivery_clock,6.713,0,219.810176,-348.021001,0.000000
1786962202.210,1786962202.203286648,0.000000000,1786962202.203286648,delivery_clock,6.713,2,197.636980,-341.158601,0.000000
1786962202.210,1786962202.228256941,0.000000000,1786962202.228256941,delivery_clock,18.257,0,219.810176,-348.021001,0.000000
1786962202.210,1786962202.228256941,0.000000000,1786962202.228256941,delivery_clock,18.257,2,197.636980,-341.158601,0.000000
1786962202.210,1786962202.228256941,0.000000000,1786962202.228256941,delivery_clock,18.257,0,233.716273,-377.697301,0.000000
1786962202.210,1786962202.228256941,0.000000000,1786962202.228256941,delivery_clock,18.257,2,211.543077,-370.834901,0.000000
1786962212.720,1786962212.678176165,0.000000000,1786962212.678176165,delivery_clock,41.824,0,230.083144,-391.756459,0.000000
1786962212.720,1786962212.678176165,0.000000000,1786962212.678176165,delivery_clock,41.824,0,217.328494,-365.009270,0.000000
1786962212.720,1786962212.728152514,0.000000000,1786962212.728152514,delivery_clock,8.152,0,217.328494,-365.009270,0.000000
1786962212.720,1786962212.728152514,0.000000000,1786962212.728152514,delivery_clock,8.152,0,230.083144,-391.756459,0.000000
1786962212.720,1786962212.778164625,0.000000000,1786962212.778164625,delivery_clock,58.165,0,230.342369,-393.101477,0.000000
1786962212.720,1786962212.778164625,0.000000000,1786962212.778164625,delivery_clock,58.165,0,217.593666,-366.407995,0.000000
1786962220.590,1786962220.578083038,0.000000000,1786962220.578083038,delivery_clock,11.917,0,199.985952,-377.762830,0.000000
1786962220.590,1786962220.578083038,0.000000000,1786962220.578083038,delivery_clock,11.917,2,225.623200,-399.977721,0.000000
1786962220.590,1786962220.578083038,0.000000000,1786962220.578083038,delivery_clock,11.917,0,186.955449,-352.778638,0.000000
1786962220.590,1786962220.578083038,0.000000000,1786962220.578083038,delivery_clock,11.917,2,212.439545,-376.082000,0.000000
1786962220.590,1786962220.628075361,0.000000000,1786962220.628075361,delivery_clock,38.075,0,199.985952,-377.762830,0.000000
1786962220.590,1786962220.628075361,0.000000000,1786962220.628075361,delivery_clock,38.075,2,225.623200,-399.977721,0.000000
1786962220.590,1786962220.628075361,0.000000000,1786962220.628075361,delivery_clock,38.075,0,186.955449,-352.778638,0.000000
1786962220.590,1786962220.628075361,0.000000000,1786962220.628075361,delivery_clock,38.075,2,212.432755,-376.108886,0.000000
1786962233.330,1786962233.352957010,0.000000000,1786962233.352957010,delivery_clock,22.957,0,210.312909,-409.155584,0.000000
1786962233.330,1786962233.352957010,0.000000000,1786962233.352957010,delivery_clock,22.957,0,197.441358,-388.760229,0.000000
1786962233.330,1786962233.377970219,0.000000000,1786962233.377970219,delivery_clock,47.970,0,197.441358,-388.760229,0.000000
1786962233.330,1786962233.377970219,0.000000000,1786962233.377970219,delivery_clock,47.970,0,210.312909,-409.155584,0.000000
1786962237.560,1786962237.552921057,0.000000000,1786962237.552921057,delivery_clock,7.079,0,204.762168,-409.348271,0.000000
1786962237.560,1786962237.552921057,0.000000000,1786962237.552921057,delivery_clock,7.079,0,192.158836,-389.753667,0.000000
1786962237.560,1786962237.627906322,0.000000000,1786962237.627906322,delivery_clock,67.906,0,192.158836,-389.753667,0.000000
1786962237.560,1786962237.627906322,0.000000000,1786962237.627906322,delivery_clock,67.906,0,204.762168,-409.348271,0.000000
1786962241.390,1786962241.352880955,0.000000000,1786962241.352880955,delivery_clock,37.119,0,199.272045,-409.669683,0.000000
1786962241.390,1786962241.352880955,0.000000000,1786962241.352880955,delivery_clock,37.119,0,187.010570,-390.803228,0.000000
1786962241.390,1786962241.377872944,0.000000000,1786962241.377872944,delivery_clock,12.127,0,198.749689,-409.726582,0.000000
1786962241.390,1786962241.377872944,0.000000000,1786962241.377872944,delivery_clock,12.127,0,186.525995,-390.912373,0.000000
1786962245.040,1786962245.102848053,0.000000000,1786962245.102848053,delivery_clock,62.848,0,182.896772,-393.014117,0.000000
1786962245.040,1786962245.102848053,0.000000000,1786962245.102848053,delivery_clock,62.848,0,194.737627,-411.160798,0.000000
1786962248.790,1786962248.777811289,0.000000000,1786962248.777811289,delivery_clock,12.189,0,191.396384,-414.719299,0.000000
1786962248.790,1786962248.777811289,0.000000000,1786962248.777811289,delivery_clock,12.189,0,179.986823,-397.233765,0.000000
1786962248.790,1786962248.852812529,0.000000000,1786962248.852812529,delivery_clock,62.813,0,179.993186,-397.240540,0.000000
1786962248.790,1786962248.852812529,0.000000000,1786962248.852812529,delivery_clock,62.813,0,191.396384,-414.719299,0.000000
