bag,metric,unit,samples,negative_count,mean,median,iqr,mad,p90,p95,p99,maximum,outlier_count,matched_headers,earlier_header_coverage,later_header_coverage
rosbag2_2026_08_17-12_20_02,YOLO detections observed message age,ms,4496,0,457.74508841481315,457.670845,51.363523250000014,25.81037600000002,509.28324899999996,527.3894985,579.8236249500001,750.264491,169,,,
rosbag2_2026_08_17-12_20_02,YOLO tracking observed message age,ms,4489,0,512.5209758629984,514.9403,79.02923599999997,38.61684299999996,584.2140992,610.6051428,693.9091890799998,932.422048,92,,,
rosbag2_2026_08_17-12_20_02,Selected target observed message age,ms,4489,0,516.4003699748273,518.892859,79.54301999999996,39.426150000000064,588.6751802,616.5637351999999,699.4203273199998,1030.395355,99,,,
rosbag2_2026_08_17-12_20_02,Tracked POI observed message age,ms,3338,0,3.382551532654284,1.7373785,2.7454985,1.04964,6.3248334999999996,8.735554499999989,15.55270568,654.101589,220,,,
rosbag2_2026_08_17-12_20_02,Gimbal joint state observed message age,ms,3655,0,5.271445422161423,3.389416,5.554598,2.627374,10.642422799999999,14.244225899999998,22.081851,628.631711,169,,,
rosbag2_2026_08_17-12_20_02,Evolo odometry observed message age,ms,3653,0,24.55471954366274,21.967552,17.329829,8.322273000000001,41.6050508,44.191027999999996,50.782839440000004,581.56981,14,,,
rosbag2_2026_08_17-12_20_02,YOLO detections -> YOLO tracking header-matched stage delay,ms,3181,264,51.57396010908519,61.134229,74.75569300000001,36.623492000000006,103.891058,123.228272,182.07382019999972,285.558568,34,3181.0,0.707517793594306,0.7086210737357986
rosbag2_2026_08_17-12_20_02,YOLO tracking -> Selected target header-matched stage delay,ms,4487,784,3.723103104524181,3.06417,4.19741,2.104177,8.205255000000001,10.930280899999996,18.000110180000178,58.397478,204,4487.0,0.9995544664736021,0.9995544664736021
rosbag2_2026_08_17-15_01_11,YOLO detections observed message age,ms,722,0,457.30039709002773,462.2749275,54.44374800000003,26.824145500000014,511.7272072,529.2987145,566.2809331899999,1357.175088,33,,,
rosbag2_2026_08_17-15_01_11,YOLO tracking observed message age,ms,723,0,473.0598694591977,469.338071,64.55175149999997,31.914417000000014,546.2177874,581.2095737,693.3299239799996,1004.969573,43,,,
rosbag2_2026_08_17-15_01_11,Selected target observed message age,ms,724,0,477.1337237997237,472.861988,63.58175425000002,31.532828499999994,550.1987899000001,586.447571,706.4144430299999,1034.893838,46,,,
rosbag2_2026_08_17-15_01_11,Tracked POI observed message age,ms,90,0,2.4523428111111105,1.498832,2.8316865,0.837817,5.8662733000000005,6.7426865000000005,7.768714919999996,12.904168,1,,,
rosbag2_2026_08_17-15_01_11,Gimbal joint state observed message age,ms,885,0,6.917668184180791,1.313774,4.3137039999999995,0.892618,8.205073,12.254965599999986,21.964049679999974,702.072164,51,,,
rosbag2_2026_08_17-15_01_11,Evolo odometry observed message age,ms,886,0,23.34548903273138,18.321742,14.510736500000002,7.403520000000001,31.985837,37.670761,55.308089249999874,759.896863,22,,,
rosbag2_2026_08_17-15_01_11,YOLO detections -> YOLO tracking header-matched stage delay,ms,633,60,12.973693507109004,6.026557,6.610957,2.7367310000000002,27.17332700000001,98.81615199999996,170.80069491999998,245.84338,111,633.0,0.8767313019390581,0.8755186721991701
rosbag2_2026_08_17-15_01_11,YOLO tracking -> Selected target header-matched stage delay,ms,723,118,3.302401900414938,2.464376,3.5893505000000006,1.8189300000000002,7.6804918,10.277856799999999,14.472642259999999,28.861213,41,723.0,1.0,0.9986187845303868
rosbag2_2026_08_17-15_02_44,YOLO detections observed message age,ms,3153,0,483.4265412216936,481.465385,53.64351599999998,26.778599999999983,539.5096408,561.0929232,608.44366224,787.237198,104,,,
rosbag2_2026_08_17-15_02_44,YOLO tracking observed message age,ms,3159,0,534.2023868534346,529.378425,107.48835650000001,53.30444799999998,625.6555072,651.0778842999999,716.60750216,1044.450919,28,,,
rosbag2_2026_08_17-15_02_44,Selected target observed message age,ms,3160,0,539.4266170977847,534.532796,108.87878899999998,54.28084800000005,631.8770247,658.49173695,724.69664789,1180.742599,29,,,
rosbag2_2026_08_17-15_02_44,Tracked POI observed message age,ms,1047,0,2.726254132760268,1.869739,2.8909320000000003,1.181318,5.762524,7.537246199999997,12.514250899999992,33.426125,42,,,
rosbag2_2026_08_17-15_02_44,Gimbal joint state observed message age,ms,4118,0,4.273800284118504,1.86534,4.45075075,1.3577065,8.275268,11.582544049999994,19.95461161999997,725.917449,198,,,
rosbag2_2026_08_17-15_02_44,Evolo odometry observed message age,ms,4120,0,22.996322525242718,20.8060445,13.097372,6.593660500000002,36.615573499999996,41.448035449999985,50.79112032999997,774.87044,69,,,
rosbag2_2026_08_17-15_02_44,YOLO detections -> YOLO tracking header-matched stage delay,ms,2767,78,44.71221256234189,14.781275,79.02425299999999,13.077666999999998,105.70242580000001,121.04052139999999,169.38897702000003,224.630736,7,2767.0,0.8775769108785284,0.8759100981323203
rosbag2_2026_08_17-15_02_44,YOLO tracking -> Selected target header-matched stage delay,ms,3159,415,5.021217904400126,3.790395,4.882254,2.3714130000000004,11.064999800000006,14.678580999999994,28.084867000000006,56.288484,187,3159.0,1.0,0.9996835443037975
