bag,metric,unit,samples,negative_count,mean,median,iqr,mad,p90,p95,p99,maximum,outlier_count
rosbag2_2026_08_17-12_20_02,Gimbal yaw rate,deg/s,18104,0,4.3227803210067455,1.5667326107303607,2.5765389803220105,1.1057926621265017,5.564615969501873,8.128404393441462,77.39012564671647,1283.9727891156379,1178
rosbag2_2026_08_17-12_20_02,Observer yaw rate,deg/s,3653,0,2.0897409835692855,1.527029661607982,1.946821625733428,0.9200397680530873,4.170910938842117,5.509570386443491,11.945980436086707,34.029248954527056,179
rosbag2_2026_08_17-12_20_02,Image-plane target rate,deg/s,3319,0,1.4025003530211562,0.7671572179135224,1.3545915319805268,0.5583615284182437,3.0610590288808024,4.633421529790034,9.057545701208031,69.96430863767482,247
rosbag2_2026_08_17-15_01_11,Gimbal yaw rate,deg/s,4291,0,5.064400304534265,2.11712746223835,2.9336065812129872,1.4453308281215724,6.279463430214169,9.032952488779674,87.12056016348293,732.6462882096179,256
rosbag2_2026_08_17-15_01_11,Observer yaw rate,deg/s,886,0,2.8069123719838807,2.453506509427836,2.796266826361512,1.401156212115523,5.611352798237966,6.9057778063402235,10.124501080302828,13.041757861613693,25
rosbag2_2026_08_17-15_01_11,Image-plane target rate,deg/s,86,0,1.805477834721016,1.0726775115164435,1.4726569228416089,0.6627356866744789,2.9268919616637668,3.974448649940422,10.379645639996582,42.575570507216064,2
rosbag2_2026_08_17-15_02_44,Gimbal yaw rate,deg/s,20024,0,4.7532203899533725,1.1274672371051317,1.935860791000794,0.8606097435685951,4.597321174708532,7.8450809760703235,122.17143236462842,1055.1698113207556,1629
rosbag2_2026_08_17-15_02_44,Observer yaw rate,deg/s,4120,0,1.7182635408766382,1.2361609865219645,1.713811376384883,0.7788748857107183,3.8695221822808623,5.382873088071082,7.503945582103205,9.204471354762257,266
rosbag2_2026_08_17-15_02_44,Image-plane target rate,deg/s,960,0,1.890066478893632,0.9057427618455272,1.7266494794968519,0.6844550069055788,4.141130763224831,6.370228623030575,16.67498711352341,68.60201492971018,82
