bag,signal,filename,present,rows,duration_s,nominal_rate_hz,median_gap_ms,p95_gap_ms,large_gap_count,record_nonmonotonic_count,duplicate_record_count,header_available,zero_header_count,header_nonmonotonic_count,duplicate_header_count,frame_ids,content
rosbag2_2026_08_17-12_20_02,Camera image,evolo_sensors_gimbal_camera_camera_image_raw.parquet,False,0,,,,,0,0,0,False,0,0,0,,missing
rosbag2_2026_08_17-12_20_02,YOLO detections,yolo_detections.parquet,True,4496,365.766710683,12.289253966295728,77.167442,119.82427830000006,1,0,0,True,0,0,0,evolo_camera_frame,3485/4496 messages contain detections; 0 contain a tracked ID
rosbag2_2026_08_17-12_20_02,YOLO tracking,yolo_tracking.parquet,True,4489,365.793016354,12.26923369049969,78.0496305,128.31510134999996,1,0,0,True,0,23,0,evolo_camera_frame,3437/4489 messages contain detections; 3437 contain a tracked ID
rosbag2_2026_08_17-12_20_02,Selected target,yolo_target.parquet,True,4489,365.655215013,12.273857491244696,78.05939649999999,128.8134079499999,2,0,0,True,0,23,0,evolo_camera_frame,3338/4489 messages contain detections; 3338 contain a tracked ID
rosbag2_2026_08_17-12_20_02,Tracked POI,evolo_gimbal_camera_tracked_poi_image.parquet,True,3338,365.657303543,9.126031307638247,81.37351,141.90744759999995,22,0,0,True,0,0,0,evolo/z1_camera_link,present
rosbag2_2026_08_17-12_20_02,Published bearing,evolo_gimbal_camera_target_bearing_marker.parquet,False,0,,,,,0,0,0,False,0,0,0,,missing
rosbag2_2026_08_17-12_20_02,GCU feedback,evolo_gimbal_camera_gimbal_gcu_fb.parquet,True,18115,365.779738014,49.5216058121478,20.019682500000002,29.396786499999997,16,0,0,False,0,0,0,,present
rosbag2_2026_08_17-12_20_02,Gimbal joint state,evolo_joint_states.parquet,True,3655,365.769233351,9.98990529226263,100.0092065,111.13447475,0,0,0,True,0,0,0,,present
rosbag2_2026_08_17-12_20_02,Evolo odometry,evolo_smarc_odom.parquet,True,3653,365.726278644,9.985610040220482,99.90733,107.28259845,0,0,0,True,0,0,0,evolo/odom,present
rosbag2_2026_08_17-12_20_02,Dynamic TF,tf.parquet,True,18614,365.779671807,50.88582399357875,7.506922,50.59572619999999,6554,0,0,True,0,0,14592,"base_footprint, evolo/base_link, evolo/map, evolo/odom, evolo/z1_base_link, evolo/z1_global_camera_link, evolo/z1_global_optical_frame, evolo/z1_pitch_link, evolo/z1_roll_link, evolo/z1_yaw_link",22264 nested transforms
rosbag2_2026_08_17-12_20_02,Static TF,tf_static.parquet,True,733,365.715580737,2.001555412336695,17.986681500000003,1008.76737475,365,0,0,True,0,0,1466,"evolo/base_link, evolo/lidar_link, evolo/map, evolo/odom, evolo/z1_base_link, evolo/z1_camera_link, evolo/z1_optical_frame, evolo/z1_pitch_link, os_imu, os_lidar, os_sensor, utm, utm_34_V",1469 nested transforms
rosbag2_2026_08_17-12_20_02,Tender WARAPS position,smarcduino_waraps_sensor_position.parquet,True,285,364.683163665,0.7787581887407449,1278.69541,1317.71934535,0,0,0,False,0,0,0,,285/285 messages contain latitude and longitude
rosbag2_2026_08_17-12_20_02,LiDAR truth,bounding_boxes_corrected.parquet,False,0,,,,,0,0,0,False,0,0,0,,missing
rosbag2_2026_08_17-15_01_11,Camera image,evolo_sensors_gimbal_camera_camera_image_raw.parquet,False,0,,,,,0,0,0,False,0,0,0,,missing
rosbag2_2026_08_17-15_01_11,YOLO detections,yolo_detections.parquet,True,722,87.609816022,8.22967143109794,75.748834,123.750617,3,0,0,True,0,0,0,evolo_camera_frame,112/722 messages contain detections; 0 contain a tracked ID
rosbag2_2026_08_17-15_01_11,YOLO tracking,yolo_tracking.parquet,True,723,87.687773336,8.233759081023267,76.49375900000001,142.4765367,3,0,0,True,0,4,0,evolo_camera_frame,91/723 messages contain detections; 91 contain a tracked ID
rosbag2_2026_08_17-15_01_11,Selected target,yolo_target.parquet,True,724,87.690463217,8.244910261345689,76.754058,140.75377229999998,3,0,0,True,0,4,0,evolo_camera_frame,90/724 messages contain detections; 90 contain a tracked ID
rosbag2_2026_08_17-15_01_11,Tracked POI,evolo_gimbal_camera_tracked_poi_image.parquet,True,90,40.770829107,2.182933287091762,106.434862,261.9315158,2,0,0,True,0,0,0,evolo/z1_camera_link,present
rosbag2_2026_08_17-15_01_11,Published bearing,evolo_gimbal_camera_target_bearing_marker.parquet,False,0,,,,,0,0,0,False,0,0,0,,missing
rosbag2_2026_08_17-15_01_11,GCU feedback,evolo_gimbal_camera_gimbal_gcu_fb.parquet,True,4300,87.791604214,48.96823606868827,19.896584,31.983073299999997,8,0,0,False,0,0,0,,present
rosbag2_2026_08_17-15_01_11,Gimbal joint state,evolo_joint_states.parquet,True,885,87.699444771,10.07988137562664,99.954293,108.6609783,0,0,0,True,0,0,0,,present
rosbag2_2026_08_17-15_01_11,Evolo odometry,evolo_smarc_odom.parquet,True,886,87.7576383,10.084592260500703,100.039557,108.50934360000001,0,0,0,True,0,0,0,evolo/odom,present
rosbag2_2026_08_17-15_01_11,Dynamic TF,tf.parquet,True,4486,87.760739801,51.10485634202568,7.434695,50.0493002,1610,0,0,True,0,0,3518,"base_footprint, evolo/base_link, evolo/map, evolo/odom, evolo/z1_base_link, evolo/z1_global_camera_link, evolo/z1_global_optical_frame, evolo/z1_pitch_link, evolo/z1_roll_link, evolo/z1_yaw_link",5367 nested transforms
rosbag2_2026_08_17-15_01_11,Static TF,tf_static.parquet,True,179,87.547169468,2.033189663145672,18.570115,1010.4302845999999,88,0,0,True,0,0,358,"evolo/base_link, evolo/lidar_link, evolo/map, evolo/odom, evolo/z1_base_link, evolo/z1_camera_link, evolo/z1_optical_frame, evolo/z1_pitch_link, os_imu, os_lidar, os_sensor, utm, utm_34_V",361 nested transforms
rosbag2_2026_08_17-15_01_11,Tender WARAPS position,smarcduino_waraps_sensor_position.parquet,True,69,86.7072494,0.7842481507665033,1283.7697425000001,1319.6131314499999,0,0,0,False,0,0,0,,69/69 messages contain latitude and longitude
rosbag2_2026_08_17-15_01_11,LiDAR truth,bounding_boxes_corrected.parquet,False,0,,,,,0,0,0,False,0,0,0,,missing
rosbag2_2026_08_17-15_02_44,Camera image,evolo_sensors_gimbal_camera_camera_image_raw.parquet,False,0,,,,,0,0,0,False,0,0,0,,missing
rosbag2_2026_08_17-15_02_44,YOLO detections,yolo_detections.parquet,True,3153,411.816227517,7.6538994565722485,119.385433,176.40647375,14,0,0,True,0,0,0,evolo_camera_frame,1533/3153 messages contain detections; 0 contain a tracked ID
rosbag2_2026_08_17-15_02_44,YOLO tracking,yolo_tracking.parquet,True,3159,411.896686334,7.666971123528855,118.740971,203.94346344999988,14,0,0,True,0,7,0,evolo_camera_frame,1379/3159 messages contain detections; 1379 contain a tracked ID
rosbag2_2026_08_17-15_02_44,Selected target,yolo_target.parquet,True,3160,411.896724031,7.669398214884196,118.731332,207.05691029999994,14,0,0,True,0,7,0,evolo_camera_frame,1047/3160 messages contain detections; 1047 contain a tracked ID
rosbag2_2026_08_17-15_02_44,Tracked POI,evolo_gimbal_camera_tracked_poi_image.parquet,True,1047,391.710605756,2.6703387261655167,136.67391700000002,958.7107705000001,66,0,0,True,0,0,0,evolo/z1_camera_link,present
rosbag2_2026_08_17-15_02_44,Published bearing,evolo_gimbal_camera_target_bearing_marker.parquet,False,0,,,,,0,0,0,False,0,0,0,,missing
rosbag2_2026_08_17-15_02_44,GCU feedback,evolo_gimbal_camera_gimbal_gcu_fb.parquet,True,20069,411.975147575,48.711676221553205,19.9734035,32.608460799999996,45,0,0,False,0,0,0,,present
rosbag2_2026_08_17-15_02_44,Gimbal joint state,evolo_joint_states.parquet,True,4118,411.98335916,9.993122072683281,100.019458,108.8854172,1,0,0,True,0,0,0,,present
rosbag2_2026_08_17-15_02_44,Evolo odometry,evolo_smarc_odom.parquet,True,4120,411.937384992,9.999092459355182,100.017837,109.43507699999999,0,0,0,True,0,0,0,evolo/odom,present
rosbag2_2026_08_17-15_02_44,Dynamic TF,tf.parquet,True,20970,411.983513176,50.89766781769738,7.143925,50.724434599999995,7879,0,0,True,0,0,16439,"base_footprint, evolo/base_link, evolo/map, evolo/odom, evolo/z1_base_link, evolo/z1_global_camera_link, evolo/z1_global_optical_frame, evolo/z1_pitch_link, evolo/z1_roll_link, evolo/z1_yaw_link",25081 nested transforms
rosbag2_2026_08_17-15_02_44,Static TF,tf_static.parquet,True,825,411.630642359,2.0017946071210018,11.763811,1009.0117953499999,411,0,0,True,0,0,1650,"evolo/base_link, evolo/lidar_link, evolo/map, evolo/odom, evolo/z1_base_link, evolo/z1_camera_link, evolo/z1_optical_frame, evolo/z1_pitch_link, os_imu, os_lidar, os_sensor, utm, utm_34_V",1653 nested transforms
rosbag2_2026_08_17-15_02_44,Tender WARAPS position,smarcduino_waraps_sensor_position.parquet,True,321,411.538204014,0.7775705800308008,1284.907506,1315.7223311,0,0,0,False,0,0,0,,321/321 messages contain latitude and longitude
rosbag2_2026_08_17-15_02_44,LiDAR truth,bounding_boxes_corrected.parquet,False,0,,,,,0,0,0,False,0,0,0,,missing
