bag,rate_quantile,gimbal_rate_deg_s,observer_rate_deg_s,image_rate_deg_s,conservative_rate_deg_s,timing_offset_ms,induced_bearing_error_deg
rosbag2_2026_08_17-15_01_11,p50,2.11712746223835,2.453506509427836,1.0726775115164435,5.643311483182629,20.0,0.11286622966365258
rosbag2_2026_08_17-15_01_11,p50,2.11712746223835,2.453506509427836,1.0726775115164435,5.643311483182629,50.0,0.28216557415913146
rosbag2_2026_08_17-15_01_11,p50,2.11712746223835,2.453506509427836,1.0726775115164435,5.643311483182629,100.0,0.5643311483182629
rosbag2_2026_08_17-15_01_11,p50,2.11712746223835,2.453506509427836,1.0726775115164435,5.643311483182629,250.0,1.4108278707956572
rosbag2_2026_08_17-15_01_11,p50,2.11712746223835,2.453506509427836,1.0726775115164435,5.643311483182629,500.0,2.8216557415913144
rosbag2_2026_08_17-15_01_11,p90,6.279463430214169,5.611352798237966,2.9268919616637668,14.817708190115901,20.0,0.296354163802318
rosbag2_2026_08_17-15_01_11,p90,6.279463430214169,5.611352798237966,2.9268919616637668,14.817708190115901,50.0,0.7408854095057951
rosbag2_2026_08_17-15_01_11,p90,6.279463430214169,5.611352798237966,2.9268919616637668,14.817708190115901,100.0,1.4817708190115901
rosbag2_2026_08_17-15_01_11,p90,6.279463430214169,5.611352798237966,2.9268919616637668,14.817708190115901,250.0,3.7044270475289753
rosbag2_2026_08_17-15_01_11,p90,6.279463430214169,5.611352798237966,2.9268919616637668,14.817708190115901,500.0,7.408854095057951
rosbag2_2026_08_17-15_01_11,p95,9.032952488779674,6.9057778063402235,3.974448649940422,19.91317894506032,20.0,0.3982635789012064
rosbag2_2026_08_17-15_01_11,p95,9.032952488779674,6.9057778063402235,3.974448649940422,19.91317894506032,50.0,0.995658947253016
rosbag2_2026_08_17-15_01_11,p95,9.032952488779674,6.9057778063402235,3.974448649940422,19.91317894506032,100.0,1.991317894506032
rosbag2_2026_08_17-15_01_11,p95,9.032952488779674,6.9057778063402235,3.974448649940422,19.91317894506032,250.0,4.97829473626508
rosbag2_2026_08_17-15_01_11,p95,9.032952488779674,6.9057778063402235,3.974448649940422,19.91317894506032,500.0,9.95658947253016
